<?xml version="1.0" encoding="UTF-8"?>

<members name="InputEventMouseMotion">
	<member name="type" type="int"/>
	<member name="device" type="int"/>
	<member name="ID" type="int"/>
	<member name="shift" type="bool"/>
	<member name="alt" type="bool"/>
	<member name="control" type="bool"/>
	<member name="meta" type="bool"/>
	<member name="button_mask" type="int"/>
	<member name="x" type="int"/>
	<member name="y" type="int"/>
	<member name="pos" type="Vector2"/>
	<member name="global_x" type="int"/>
	<member name="global_y" type="int"/>
	<member name="global_pos" type="Vector2"/>
	<member name="relative_x" type="int"/>
	<member name="relative_y" type="int"/>
	<member name="relative_pos" type="Vector2"/>
	<member name="speed_x" type="float"/>
	<member name="speed_y" type="float"/>
	<member name="speed" type="Vector2"/>
</members>