<?xml version="1.0" encoding="UTF-8"?>

<methods name="CapsuleShape2D">
	<method name="set_radius">
		<description>Set the radius of the [CapsuleShape2D].</description>
	</method>
	<method name="get_radius">
		<description>Return the radius of the [CapsuleShape2D].</description>
	</method>
	<method name="set_height">
		<description>Set the height of the [CapsuleShape2D].</description>
	</method>
	<method name="get_height">
		<description>Return the height of the [CapsuleShape2D].</description>
	</method>
</methods>