<?xml version="1.0" encoding="UTF-8"?>

<methods name="Curve2D">
	<method name="get_point_count" qualifiers="const">
		<return type="int"/>
	</method>
	<method name="add_point">
		<argument index="0" name="pos" type="Vector2"/>
		<argument default="Vector2(0,0)" index="1" name="in" type="Vector2"/>
		<argument default="Vector2(0,0)" index="2" name="out" type="Vector2"/>
		<argument default="-1" index="3" name="atpos" type="int"/>
	</method>
	<method name="set_point_pos">
		<argument index="0" name="idx" type="int"/>
		<argument index="1" name="pos" type="Vector2"/>
	</method>
	<method name="get_point_pos" qualifiers="const">
		<return type="Vector2"/>
		<argument index="0" name="idx" type="int"/>
	</method>
	<method name="set_point_in">
		<argument index="0" name="idx" type="int"/>
		<argument index="1" name="pos" type="Vector2"/>
	</method>
	<method name="get_point_in" qualifiers="const">
		<return type="Vector2"/>
		<argument index="0" name="idx" type="int"/>
	</method>
	<method name="set_point_out">
		<argument index="0" name="idx" type="int"/>
		<argument index="1" name="pos" type="Vector2"/>
	</method>
	<method name="get_point_out" qualifiers="const">
		<return type="Vector2"/>
		<argument index="0" name="idx" type="int"/>
	</method>
	<method name="remove_point">
		<argument index="0" name="idx" type="int"/>
	</method>
	<method name="interpolate" qualifiers="const">
		<return type="Vector2"/>
		<argument index="0" name="idx" type="int"/>
		<argument index="1" name="t" type="float"/>
	</method>
	<method name="interpolatef" qualifiers="const">
		<return type="Vector2"/>
		<argument index="0" name="fofs" type="float"/>
	</method>
	<method name="set_bake_interval">
		<argument index="0" name="distance" type="float"/>
	</method>
	<method name="get_bake_interval" qualifiers="const">
		<return type="float"/>
	</method>
	<method name="get_baked_length" qualifiers="const">
		<return type="float"/>
	</method>
	<method name="interpolate_baked" qualifiers="const">
		<return type="Vector2"/>
		<argument index="0" name="offset" type="float"/>
		<argument default="false" index="1" name="cubic" type="bool"/>
	</method>
	<method name="get_baked_points" qualifiers="const">
		<return type="Vector2Array"/>
	</method>
	<method name="tesselate" qualifiers="const">
		<return type="Vector2Array"/>
		<argument default="5" index="0" name="max_stages" type="int"/>
		<argument default="4" index="1" name="tolerance_degrees" type="float"/>
	</method>
</methods>