<?xml version="1.0" encoding="UTF-8"?>

<methods name="AudioStreamPlayback">
	<method name="play">
		<argument default="0" index="0" name="from_pos_sec" type="float"/>
	</method>
	<method name="stop"/>
	<method name="is_playing" qualifiers="const">
		<return type="bool"/>
	</method>
	<method name="set_loop">
		<argument index="0" name="enabled" type="bool"/>
	</method>
	<method name="has_loop" qualifiers="const">
		<return type="bool"/>
	</method>
	<method name="get_loop_count" qualifiers="const">
		<return type="int"/>
	</method>
	<method name="seek_pos">
		<argument index="0" name="pos" type="float"/>
	</method>
	<method name="get_pos" qualifiers="const">
		<return type="float"/>
	</method>
	<method name="get_length" qualifiers="const">
		<return type="float"/>
	</method>
	<method name="get_channels" qualifiers="const">
		<return type="int"/>
	</method>
	<method name="get_mix_rate" qualifiers="const">
		<return type="int"/>
	</method>
	<method name="get_minimum_buffer_size" qualifiers="const">
		<return type="int"/>
	</method>
</methods>