<?xml version="1.0" encoding="UTF-8"?>

<methods name="@GDScript">
	<method name="sin">
		<description>Standard sine function.</description>
	</method>
	<method name="cos">
		<description>Standard cosine function.</description>
	</method>
	<method name="tan">
		<description>Standard tangent function.</description>
	</method>
	<method name="sinh">
		<description>Hyperbolic sine.</description>
	</method>
	<method name="cosh">
		<description>Hyperbolic cosine.</description>
	</method>
	<method name="tanh">
		<description>Hyperbolic tangent.</description>
	</method>
	<method name="asin">
		<description>Arc-sine.</description>
	</method>
	<method name="acos">
		<description>Arc-cosine.</description>
	</method>
	<method name="atan">
		<description>Arc-tangent.</description>
	</method>
	<method name="atan2">
		<description>Arc-tangent that takes a 2D vector as argument, retuns the full -pi to +pi range.</description>
	</method>
	<method name="sqrt">
		<description>Square root.</description>
	</method>
	<method name="fmod">
		<description>Module (remainder of x/y).</description>
	</method>
	<method name="fposmod">
		<description>Module (remainder of x/y) that wraps equally in positive and negative.</description>
	</method>
	<method name="floor">
		<description>Floor (rounds down to nearest integer).</description>
	</method>
	<method name="ceil">
		<description>Ceiling (rounds up to nearest integer).</description>
	</method>
	<method name="round">
		<description>Round to nearest integer.</description>
	</method>
	<method name="abs">
		<description>Remove sign (works for integer and float).</description>
	</method>
	<method name="sign">
		<description>Return sign (-1 or +1).</description>
	</method>
	<method name="pow">
		<description>Power function, x elevate to y.</description>
	</method>
	<method name="log">
		<description>Natural logarithm.</description>
	</method>
	<method name="exp">
		<description>Exponential logarithm.</description>
	</method>
	<method name="isnan">
		<description>Return true if the float is not a number.</description>
	</method>
	<method name="isinf">
		<description>Return true if the float is infinite.</description>
	</method>
	<method name="ease">
		<description>Easing function, based on exponent. 0 is constant, 1 is linear, 0 to 1 is ease-in, 1+ is ease out. Negative values are in-out/out in.</description>
	</method>
	<method name="decimals">
		<description>Return the amount of decimals in the floating point value.</description>
	</method>
	<method name="stepify">
		<description>Snap float value to a given step.</description>
	</method>
	<method name="lerp">
		<description>Linear interpolates between two values by a normalized value.</description>
	</method>
	<method name="dectime">
		<description>Decreases time by a specified amount.</description>
	</method>
	<method name="randomize">
		<description>Reset the seed of the random number generator with a new, different one.</description>
	</method>
	<method name="randi">
		<description>Random 32 bits value (integer). To obtain a value	from 0 to N, you can use remainder, like (for random from 0 to 19): randi() % 20.</description>
	</method>
	<method name="randf">
		<description>Random value (0 to 1 float).</description>
	</method>
	<method name="rand_range">
		<description>Random range, any floating point value between &amp;apo;from&amp;apo; and &amp;apo;to&amp;apo;</description>
	</method>
	<method name="rand_seed">
		<description>Random from seed, pass a seed and an array with both number and new seed is returned.</description>
	</method>
	<method name="deg2rad">
		<description>Convert from degrees to radians.</description>
	</method>
	<method name="rad2deg">
		<description>Convert from radias to degrees.</description>
	</method>
	<method name="linear2db">
		<description>Convert from linear energy to decibels (audio).</description>
	</method>
	<method name="db2linear">
		<description>Convert from decibels to linear energy (audio).</description>
	</method>
	<method name="max">
		<description>Return the maximum of two values.</description>
	</method>
	<method name="min">
		<description>Return the minimum of two values.</description>
	</method>
	<method name="clamp">
		<description>Clamp both values to a range.</description>
	</method>
	<method name="nearest_po2">
		<description>Return the nearest larger power of 2 for an integer.</description>
	</method>
	<method name="weakref">
		<description>Return a weak reference to an object.</description>
	</method>
	<method name="funcref">
		<description>Returns a reference to the specified function</description>
	</method>
	<method name="convert">
		<description>Convert from a type to another in the best way possible. The &amp;quot;type&amp;quot; parameter uses the enum TYPE_* in [@Global Scope].</description>
	</method>
	<method name="typeof">
		<description>Returns the internal type of the given Variant object, using the TYPE_* enum in [@Global Scope].</description>
	</method>
	<method name="str">
		<description>Convert one or more arguments to strings in the best way possible.</description>
	</method>
	<method name="print">
		<description>Print one or more arguments to strings in the best way possible to a console line.</description>
	</method>
	<method name="printt">
		<description>Print one or more arguments to the console with a tab between each argument.</description>
	</method>
	<method name="printerr">
		<description>Print one or more arguments to strings in the best way possible to standard error line.</description>
	</method>
	<method name="printraw">
		<description>Print one or more arguments to strings in the best way possible to console. No newline is added at the end.</description>
	</method>
	<method name="var2str">
		<description>Converts the value of a variable to a String.</description>
	</method>
	<method name="range">
		<description>Return an array with the given range. Range can be 1 argument N (0 to N-1), two arguments (initial, final-1) or three arguments (initial,final-1,increment).</description>
	</method>
	<method name="load">
		<description>Load a resource from the filesystem, pass a valid path as argument.</description>
	</method>
	<method name="inst2dict">
		<description>Convert a script class instance to a dictionary (useful for serializing).</description>
	</method>
	<method name="dict2inst">
		<description>Convert a previously converted instances to dictionary back into an instance. Useful for deserializing.</description>
	</method>
	<method name="hash">
		<description>Hashes the variable passed and returns an integer.</description>
	</method>
	<method name="print_stack">
		<description>Print a stack track at code location, only works when running with debugger turned on.</description>
	</method>
</methods>