<?xml version="1.0" encoding="UTF-8"?>

<methods name="ButtonArray">
	<method name="add_button">
		<argument index="0" name="text" type="String"/>
	</method>
	<method name="add_icon_button">
		<argument index="0" name="icon" type="Object"/>
		<argument default="&amp;quot;&amp;quot;" index="1" name="text" type="String"/>
	</method>
	<method name="set_button_text">
		<argument index="0" name="button" type="int"/>
		<argument index="1" name="text" type="String"/>
	</method>
	<method name="set_button_icon">
		<argument index="0" name="button" type="int"/>
		<argument index="1" name="icon" type="Object"/>
	</method>
	<method name="get_button_text" qualifiers="const">
		<return type="String"/>
		<argument index="0" name="button" type="int"/>
	</method>
	<method name="get_button_icon" qualifiers="const">
		<return type="Object"/>
		<argument index="0" name="button" type="int"/>
	</method>
	<method name="get_button_count" qualifiers="const">
		<return type="int"/>
	</method>
	<method name="get_selected" qualifiers="const">
		<return type="int"/>
	</method>
	<method name="get_hovered" qualifiers="const">
		<return type="int"/>
	</method>
	<method name="set_selected">
		<argument index="0" name="button" type="int"/>
	</method>
	<method name="erase_button">
		<argument index="0" name="button" type="int"/>
	</method>
	<method name="clear"/>
</methods>