<?xml version="1.0" encoding="UTF-8"?>

<methods name="GraphNode">
	<method name="set_title">
		<description>Set the title of the GraphNode.</description>
	</method>
	<method name="get_title">
		<description>Return the title of the GraphNode.</description>
	</method>
	<method name="set_slot">
		<description>Set the tuple of input/output slots defined by &amp;apo;idx&amp;apo; ID. &amp;apo;left&amp;apo; slots are input, &amp;apo;right&amp;apo; are output. &amp;apo;type&amp;apo; is an integer defining the type of the slot. Refer to description for the compatibility between slot types.</description>
	</method>
	<method name="clear_slot">
		<description>Disable input and ouput slot whose index is &amp;apo;idx&amp;apo;.</description>
	</method>
	<method name="clear_all_slots">
		<description>Disable all input and output slots of the GraphNode.</description>
	</method>
	<method name="is_slot_enabled_left">
		<description>Return true if left (input) slot &amp;apo;idx&amp;apo; is enabled. False otherwise.</description>
	</method>
	<method name="get_slot_type_left">
		<description>Return the (integer) type of left (input) &amp;apo;idx&amp;apo; slot.</description>
	</method>
	<method name="get_slot_color_left">
		<description>Return the color set to &amp;apo;idx&amp;apo; left (input) slot.</description>
	</method>
	<method name="is_slot_enabled_right">
		<description>Return true if right (output) slot &amp;apo;idx&amp;apo; is enabled. False otherwise.</description>
	</method>
	<method name="get_slot_type_right">
		<description>Return the (integer) type of right (output) &amp;apo;idx&amp;apo; slot.</description>
	</method>
	<method name="get_slot_color_right">
		<description>Return the color set to &amp;apo;idx&amp;apo; right (output) slot.</description>
	</method>
	<method name="set_offset">
		<description>Set the offset of the GraphNode.</description>
	</method>
	<method name="get_offset">
		<description>Return the offset of the GraphNode.</description>
	</method>
	<method name="get_connection_output_count">
		<description>Return the number of enabled output slots (connections) of the GraphNode.</description>
	</method>
	<method name="get_connection_input_count">
		<description>Return the number of enabled input slots (connections) to the GraphNode.</description>
	</method>
	<method name="get_connection_output_pos">
		<description>Return the position of the output connection &amp;apo;idx&amp;apo;.</description>
	</method>
	<method name="get_connection_output_type">
		<description>Return the type of the output connection &amp;apo;idx&amp;apo;.</description>
	</method>
	<method name="get_connection_output_color">
		<description>Return the color of the output connection &amp;apo;idx&amp;apo;.</description>
	</method>
	<method name="get_connection_input_pos">
		<description>Return the position of the input connection &amp;apo;idx&amp;apo;.</description>
	</method>
	<method name="get_connection_input_type">
		<description>Return the type of the input connection &amp;apo;idx&amp;apo;.</description>
	</method>
	<method name="get_connection_input_color">
		<description>Return the color of the input connection &amp;apo;idx&amp;apo;.</description>
	</method>
	<method name="set_show_close_button">
		<description>Show the close button on the GraphNode if &amp;apo;show&amp;apo; is true (disabled by default). If enabled, a connection on the signal close_request is needed for the close button to work.</description>
	</method>
	<method name="is_close_button_visible">
		<description>Returns true if the close button is shown. False otherwise.</description>
	</method>
</methods>