<?xml version="1.0" encoding="UTF-8"?>

<signals name="GraphNode">
	<signal name="raise_request">
		<description>Signal sent when the GraphNode is requested to be displayed over other ones. Happens on focusing (clicking into) the GraphNode.</description>
	</signal>
	<signal name="close_request">
		<description>Signal sent on closing the GraphNode.</description>
	</signal>
	<signal name="dragged">
		<description>Signal sent when the GraphNode is dragged.</description>
	</signal>
	<signal name="offset_changed">
		<description>Signal sent when the GraphNode is moved.</description>
	</signal>
</signals>