<?xml version="1.0" encoding="UTF-8"?>

<methods name="DirectionalLight">
	<method name="set_shadow_mode">
		<argument index="0" name="mode" type="int"/>
	</method>
	<method name="get_shadow_mode" qualifiers="const">
		<return type="int"/>
	</method>
	<method name="set_shadow_param">
		<argument index="0" name="param" type="int"/>
		<argument index="1" name="value" type="float"/>
	</method>
	<method name="get_shadow_param" qualifiers="const">
		<return type="float"/>
		<argument index="0" name="param" type="int"/>
	</method>
</methods>