<?xml version="1.0" encoding="UTF-8"?>

<methods name="CanvasLayer">
	<method name="set_layer">
		<argument index="0" name="layer" type="int"/>
	</method>
	<method name="get_layer" qualifiers="const">
		<return type="int"/>
	</method>
	<method name="set_transform">
		<argument index="0" name="transform" type="Matrix32"/>
	</method>
	<method name="get_transform" qualifiers="const">
		<return type="Matrix32"/>
	</method>
	<method name="set_offset">
		<argument index="0" name="offset" type="Vector2"/>
	</method>
	<method name="get_offset" qualifiers="const">
		<return type="Vector2"/>
	</method>
	<method name="set_rotation">
		<argument index="0" name="rotation" type="float"/>
	</method>
	<method name="get_rotation" qualifiers="const">
		<return type="float"/>
	</method>
	<method name="set_scale">
		<argument index="0" name="scale" type="Vector2"/>
	</method>
	<method name="get_scale" qualifiers="const">
		<return type="Vector2"/>
	</method>
	<method name="get_world_2d" qualifiers="const">
		<return type="Canvas"/>
	</method>
	<method name="get_viewport" qualifiers="const">
		<return type="RID"/>
	</method>
</methods>