<?xml version="1.0" encoding="UTF-8"?>

<methods name="CollisionObject2D">
	<method name="_input_event">
		<description>This method can be used to override normal input processing. The first parameter is the viewport where the event took place. The second holds the input event received, and the third the shape of this object where it happened.</description>
	</method>
	<method name="add_shape">
		<description>Add a [Shape2D] to the collision body, with a given custom transform.</description>
	</method>
	<method name="get_shape_count">
		<description>Return the amount of shapes in the collision body. Because a [CollisionPolygon2D] can generate more than one [Shape2D], the amount returned does not have to match the sum of [CollisionShape2D] and [CollisionPolygon2D].</description>
	</method>
	<method name="set_shape">
		<description>Change a shape in the collision body.</description>
	</method>
	<method name="set_shape_transform">
		<description>Change the shape transform in the collision body.</description>
	</method>
	<method name="set_shape_as_trigger">
		<description>Set whether a shape is a trigger. A trigger shape detects collisions, but is otherwise unaffected by physics (i.e. colliding objects will not get blocked).</description>
	</method>
	<method name="get_shape">
		<description>Return the shape in the given index.</description>
	</method>
	<method name="get_shape_transform">
		<description>Return the shape transform in the given index.</description>
	</method>
	<method name="is_shape_set_as_trigger">
		<description>Return whether a shape is a trigger. A trigger shape detects collisions, but is otherwise unaffected by physics (i.e. colliding objects will not get blocked).</description>
	</method>
	<method name="remove_shape">
		<description>Remove the shape in the given index.</description>
	</method>
	<method name="clear_shapes">
		<description>Remove all shapes.</description>
	</method>
	<method name="get_rid">
		<description>Return the RID of this object.</description>
	</method>
	<method name="set_pickable">
		<description>Set whether this object is pickable. A pickable object can detect the mouse pointer enter/leave it and, if the mouse is inside it, report input events.</description>
	</method>
	<method name="is_pickable">
		<description>Return whether this object is pickable.</description>
	</method>
</methods>