<?xml version="1.0" encoding="UTF-8"?>

<signals name="CollisionObject2D">
	<signal name="mouse_enter">
		<description>This event fires only once when the mouse pointer enters any shape of this object.</description>
	</signal>
	<signal name="input_event">
		<description>This signal triggers when an input event fires over a shape. The first parameter is the viewport where the event took place. The second holds the input event received, and the third the shape of this object where it happened.</description>
	</signal>
	<signal name="mouse_exit">
		<description>This event fires only once when the mouse pointer exits all shapes of this object.</description>
	</signal>
</signals>