<?xml version="1.0" encoding="UTF-8"?>

<methods name="DampedSpringJoint2D">
	<method name="set_length">
		<argument index="0" name="length" type="float"/>
	</method>
	<method name="get_length" qualifiers="const">
		<return type="float"/>
	</method>
	<method name="set_rest_length">
		<argument index="0" name="rest_length" type="float"/>
	</method>
	<method name="get_rest_length" qualifiers="const">
		<return type="float"/>
	</method>
	<method name="set_stiffness">
		<argument index="0" name="stiffness" type="float"/>
	</method>
	<method name="get_stiffness" qualifiers="const">
		<return type="float"/>
	</method>
	<method name="set_damping">
		<argument index="0" name="damping" type="float"/>
	</method>
	<method name="get_damping" qualifiers="const">
		<return type="float"/>
	</method>
</methods>