<?xml version="1.0" encoding="UTF-8"?>

<constants name="Control">
	<constant name="ANCHOR_BEGIN" value="0"/>
	<constant name="ANCHOR_END" value="1"/>
	<constant name="ANCHOR_RATIO" value="2"/>
	<constant name="ANCHOR_CENTER" value="3"/>
	<constant name="FOCUS_NONE" value="0"/>
	<constant name="FOCUS_CLICK" value="1"/>
	<constant name="FOCUS_ALL" value="2"/>
	<constant name="NOTIFICATION_RESIZED" value="40"/>
	<constant name="NOTIFICATION_MOUSE_ENTER" value="41"/>
	<constant name="NOTIFICATION_MOUSE_EXIT" value="42"/>
	<constant name="NOTIFICATION_FOCUS_ENTER" value="43"/>
	<constant name="NOTIFICATION_FOCUS_EXIT" value="44"/>
	<constant name="NOTIFICATION_THEME_CHANGED" value="45"/>
	<constant name="NOTIFICATION_MODAL_CLOSE" value="46"/>
	<constant name="CURSOR_ARROW" value="0"/>
	<constant name="CURSOR_IBEAM" value="1"/>
	<constant name="CURSOR_POINTING_HAND" value="2"/>
	<constant name="CURSOR_CROSS" value="3"/>
	<constant name="CURSOR_WAIT" value="4"/>
	<constant name="CURSOR_BUSY" value="5"/>
	<constant name="CURSOR_DRAG" value="6"/>
	<constant name="CURSOR_CAN_DROP" value="7"/>
	<constant name="CURSOR_FORBIDDEN" value="8"/>
	<constant name="CURSOR_VSIZE" value="9"/>
	<constant name="CURSOR_HSIZE" value="10"/>
	<constant name="CURSOR_BDIAGSIZE" value="11"/>
	<constant name="CURSOR_FDIAGSIZE" value="12"/>
	<constant name="CURSOR_MOVE" value="13"/>
	<constant name="CURSOR_VSPLIT" value="14"/>
	<constant name="CURSOR_HSPLIT" value="15"/>
	<constant name="CURSOR_HELP" value="16"/>
	<constant name="SIZE_EXPAND" value="1"/>
	<constant name="SIZE_FILL" value="2"/>
	<constant name="SIZE_EXPAND_FILL" value="3"/>
</constants>