<?xml version="1.0" encoding="UTF-8"?>

<methods name="Control">
	<method name="_input_event" qualifiers="virtual">
		<argument index="0" name="event" type="InputEvent"/>
	</method>
	<method name="can_drop_data" qualifiers="virtual">
		<return type="bool"/>
		<argument index="0" name="pos" type="Vector2"/>
		<argument index="1" name="data" type="var"/>
	</method>
	<method name="drop_data" qualifiers="virtual">
		<argument index="0" name="pos" type="Vector2"/>
		<argument index="1" name="data" type="var"/>
	</method>
	<method name="get_drag_data" qualifiers="virtual">
		<return type="Object"/>
		<argument index="0" name="pos" type="Vector2"/>
	</method>
	<method name="get_minimum_size" qualifiers="virtual">
		<return type="Vector2"/>
	</method>
	<method name="accept_event"/>
	<method name="get_minimum_size" qualifiers="const">
		<return type="Vector2"/>
	</method>
	<method name="get_combined_minimum_size" qualifiers="const">
		<return type="Vector2"/>
	</method>
	<method name="set_anchor">
		<argument index="0" name="margin" type="int"/>
		<argument index="1" name="anchor_mode" type="int"/>
	</method>
	<method name="get_anchor" qualifiers="const">
		<return type="int"/>
		<argument index="0" name="margin" type="int"/>
	</method>
	<method name="set_margin">
		<argument index="0" name="margin" type="int"/>
		<argument index="1" name="offset" type="float"/>
	</method>
	<method name="set_anchor_and_margin">
		<argument index="0" name="margin" type="int"/>
		<argument index="1" name="anchor_mode" type="int"/>
		<argument index="2" name="offset" type="float"/>
	</method>
	<method name="set_begin">
		<argument index="0" name="pos" type="Vector2"/>
	</method>
	<method name="set_end">
		<argument index="0" name="pos" type="Vector2"/>
	</method>
	<method name="set_pos">
		<argument index="0" name="pos" type="Vector2"/>
	</method>
	<method name="set_size">
		<argument index="0" name="size" type="Vector2"/>
	</method>
	<method name="set_custom_minimum_size">
		<argument index="0" name="size" type="Vector2"/>
	</method>
	<method name="set_global_pos">
		<argument index="0" name="pos" type="Vector2"/>
	</method>
	<method name="set_rotation">
		<argument index="0" name="rotation" type="float"/>
	</method>
	<method name="set_scale">
		<argument index="0" name="scale" type="Vector2"/>
	</method>
	<method name="get_margin" qualifiers="const">
		<return type="float"/>
		<argument index="0" name="margin" type="int"/>
	</method>
	<method name="get_begin" qualifiers="const">
		<return type="Vector2"/>
	</method>
	<method name="get_end" qualifiers="const">
		<return type="Vector2"/>
	</method>
	<method name="get_pos" qualifiers="const">
		<return type="Vector2"/>
	</method>
	<method name="get_size" qualifiers="const">
		<return type="Vector2"/>
	</method>
	<method name="get_rotation" qualifiers="const">
		<return type="float"/>
	</method>
	<method name="get_scale" qualifiers="const">
		<return type="Vector2"/>
	</method>
	<method name="get_custom_minimum_size" qualifiers="const">
		<return type="Vector2"/>
	</method>
	<method name="get_parent_area_size" qualifiers="const">
		<return type="Vector2"/>
	</method>
	<method name="get_global_pos" qualifiers="const">
		<return type="Vector2"/>
	</method>
	<method name="get_rect" qualifiers="const">
		<return type="Rect2"/>
	</method>
	<method name="get_global_rect" qualifiers="const">
		<return type="Rect2"/>
	</method>
	<method name="set_area_as_parent_rect">
		<argument default="0" index="0" name="margin" type="int"/>
	</method>
	<method name="show_modal">
		<argument default="false" index="0" name="exclusive" type="bool"/>
	</method>
	<method name="set_focus_mode">
		<argument index="0" name="mode" type="int"/>
	</method>
	<method name="has_focus" qualifiers="const">
		<return type="bool"/>
	</method>
	<method name="grab_focus"/>
	<method name="release_focus"/>
	<method name="get_focus_owner" qualifiers="const">
		<return type="Control"/>
	</method>
	<method name="set_h_size_flags">
		<argument index="0" name="flags" type="int"/>
	</method>
	<method name="get_h_size_flags" qualifiers="const">
		<return type="int"/>
	</method>
	<method name="set_stretch_ratio">
		<argument index="0" name="ratio" type="float"/>
	</method>
	<method name="get_stretch_ratio" qualifiers="const">
		<return type="float"/>
	</method>
	<method name="set_v_size_flags">
		<argument index="0" name="flags" type="int"/>
	</method>
	<method name="get_v_size_flags" qualifiers="const">
		<return type="int"/>
	</method>
	<method name="set_theme">
		<argument index="0" name="theme" type="Theme"/>
	</method>
	<method name="get_theme" qualifiers="const">
		<return type="Theme"/>
	</method>
	<method name="add_icon_override">
		<argument index="0" name="name" type="String"/>
		<argument index="1" name="texture" type="Texture"/>
	</method>
	<method name="add_shader_override">
		<argument index="0" name="name" type="String"/>
		<argument index="1" name="shader" type="Shader"/>
	</method>
	<method name="add_style_override">
		<argument index="0" name="name" type="String"/>
		<argument index="1" name="stylebox" type="StyleBox"/>
	</method>
	<method name="add_font_override">
		<argument index="0" name="name" type="String"/>
		<argument index="1" name="font" type="Font"/>
	</method>
	<method name="add_color_override">
		<argument index="0" name="name" type="String"/>
		<argument index="1" name="color" type="Color"/>
	</method>
	<method name="add_constant_override">
		<argument index="0" name="name" type="String"/>
		<argument index="1" name="constant" type="int"/>
	</method>
	<method name="get_icon" qualifiers="const">
		<return type="Texture"/>
		<argument index="0" name="name" type="String"/>
		<argument default="&amp;quot;&amp;quot;" index="1" name="type" type="String"/>
	</method>
	<method name="get_stylebox" qualifiers="const">
		<return type="StyleBox"/>
		<argument index="0" name="name" type="String"/>
		<argument default="&amp;quot;&amp;quot;" index="1" name="type" type="String"/>
	</method>
	<method name="get_font" qualifiers="const">
		<return type="Font"/>
		<argument index="0" name="name" type="String"/>
		<argument default="&amp;quot;&amp;quot;" index="1" name="type" type="String"/>
	</method>
	<method name="get_color" qualifiers="const">
		<return type="Color"/>
		<argument index="0" name="name" type="String"/>
		<argument default="&amp;quot;&amp;quot;" index="1" name="type" type="String"/>
	</method>
	<method name="get_constant" qualifiers="const">
		<return type="int"/>
		<argument index="0" name="name" type="String"/>
		<argument default="&amp;quot;&amp;quot;" index="1" name="type" type="String"/>
	</method>
	<method name="get_parent_control" qualifiers="const">
		<return type="Control"/>
	</method>
	<method name="set_tooltip">
		<argument index="0" name="tooltip" type="String"/>
	</method>
	<method name="get_tooltip" qualifiers="const">
		<return type="String"/>
		<argument default="Vector2(0,0)" index="0" name="atpos" type="Vector2"/>
	</method>
	<method name="set_default_cursor_shape">
		<argument index="0" name="shape" type="int"/>
	</method>
	<method name="get_default_cursor_shape" qualifiers="const">
		<return type="int"/>
	</method>
	<method name="get_cursor_shape" qualifiers="const">
		<return type="int"/>
		<argument default="Vector2(0,0)" index="0" name="pos" type="Vector2"/>
	</method>
	<method name="set_focus_neighbour">
		<argument index="0" name="margin" type="int"/>
		<argument index="1" name="neighbour" type="NodePath"/>
	</method>
	<method name="get_focus_neighbour" qualifiers="const">
		<return type="NodePath"/>
		<argument index="0" name="margin" type="int"/>
	</method>
	<method name="set_ignore_mouse">
		<argument index="0" name="ignore" type="bool"/>
	</method>
	<method name="is_ignoring_mouse" qualifiers="const">
		<return type="bool"/>
	</method>
	<method name="force_drag">
		<argument index="0" name="data" type="var"/>
		<argument index="1" name="preview" type="Object"/>
	</method>
	<method name="set_stop_mouse">
		<argument index="0" name="stop" type="bool"/>
	</method>
	<method name="is_stopping_mouse" qualifiers="const">
		<return type="bool"/>
	</method>
	<method name="grab_click_focus"/>
	<method name="set_drag_preview">
		<argument index="0" name="control" type="Control"/>
	</method>
	<method name="warp_mouse">
		<argument index="0" name="to_pos" type="Vector2"/>
	</method>
</methods>