<?xml version="1.0" encoding="UTF-8"?>

<methods name="Button">
	<method name="set_text">
		<argument index="0" name="text" type="String"/>
	</method>
	<method name="get_text" qualifiers="const">
		<return type="String"/>
	</method>
	<method name="set_button_icon">
		<argument index="0" name="texture" type="Texture"/>
	</method>
	<method name="get_button_icon" qualifiers="const">
		<return type="Texture"/>
	</method>
	<method name="set_flat">
		<argument index="0" name="enabled" type="bool"/>
	</method>
	<method name="set_clip_text">
		<argument index="0" name="enabled" type="bool"/>
	</method>
	<method name="get_clip_text" qualifiers="const">
		<return type="bool"/>
	</method>
	<method name="set_text_align">
		<argument index="0" name="align" type="int"/>
	</method>
	<method name="get_text_align" qualifiers="const">
		<return type="int"/>
	</method>
	<method name="is_flat" qualifiers="const">
		<return type="bool"/>
	</method>
</methods>