<?xml version="1.0" encoding="UTF-8"?>

<methods name="SamplePlayer2D">
	<method name="set_sample_library">
		<argument index="0" name="library" type="SampleLibrary"/>
	</method>
	<method name="get_sample_library" qualifiers="const">
		<return type="SampleLibrary"/>
	</method>
	<method name="set_polyphony">
		<argument index="0" name="max_voices" type="int"/>
	</method>
	<method name="get_polyphony" qualifiers="const">
		<return type="int"/>
	</method>
	<method name="play">
		<return type="int"/>
		<argument index="0" name="sample" type="String"/>
		<argument default="-2" index="1" name="voice" type="int"/>
	</method>
	<method name="voice_set_pitch_scale">
		<argument index="0" name="voice" type="int"/>
		<argument index="1" name="ratio" type="float"/>
	</method>
	<method name="voice_set_volume_scale_db">
		<argument index="0" name="voice" type="int"/>
		<argument index="1" name="db" type="float"/>
	</method>
	<method name="is_voice_active" qualifiers="const">
		<return type="bool"/>
		<argument index="0" name="voice" type="int"/>
	</method>
	<method name="stop_voice">
		<argument index="0" name="voice" type="int"/>
	</method>
	<method name="stop_all"/>
	<method name="set_random_pitch_scale">
		<argument index="0" name="val" type="float"/>
	</method>
	<method name="get_random_pitch_scale" qualifiers="const">
		<return type="float"/>
	</method>
</methods>