<?xml version="1.0" encoding="UTF-8"?>

<constants name="FixedMaterial">
	<constant name="PARAM_DIFFUSE">Diffuse Lighting (light scattered from surface).</constant>
	<constant name="PARAM_DETAIL">Detail Layer for diffuse lighting.</constant>
	<constant name="PARAM_SPECULAR">Specular Lighting (light reflected from the surface).</constant>
	<constant name="PARAM_EMISSION">Emission Lighting (light emitted from the surface).</constant>
	<constant name="PARAM_SPECULAR_EXP">Specular Exponent (size of the specular dot).</constant>
	<constant name="PARAM_GLOW">Glow (Visible emitted scattered light).</constant>
	<constant name="PARAM_NORMAL">Normal Map (irregularity map).</constant>
	<constant name="PARAM_MAX">Maximum amount of parameters.</constant>
	<constant name="TEXCOORD_UV">Read texture coordinates from the UV array.</constant>
	<constant name="TEXCOORD_UV_TRANSFORM">Read texture coordinates from the UV array and transform them by uv_xform.</constant>
	<constant name="TEXCOORD_UV2">Read texture coordinates from the UV2 array.</constant>
</constants>