<?xml version="1.0" encoding="UTF-8"?>

<methods name="FixedMaterial">
	<method name="set_parameter">
		<description>Set a parameter, parameters are defined in the PARAM_* enum. The type of each parameter may change, so it&amp;apo;s best to check the enum.</description>
	</method>
	<method name="get_parameter">
		<description>Return a parameter, parameters are defined in the PARAM_* enum. The type of each parameter may change, so it&amp;apo;s best to check the enum.</description>
	</method>
	<method name="set_texture">
		<description>Set a texture. Textures change parameters per texel and are mapped to the model depending on the texcoord mode (see [method set_texcoord_mode]).</description>
	</method>
	<method name="get_texture">
		<description>Return a texture. Textures change parameters per texel and are mapped to the model depending on the texcoord mode (see [method set_texcoord_mode]).</description>
	</method>
	<method name="set_texcoord_mode">
		<description>Set the texture coordinate mode. Each texture param (from the PARAM_* enum) has one. It defines how the textures are mapped to the object.</description>
	</method>
	<method name="get_texcoord_mode">
		<description>Return the texture coordinate mode. Each texture param (from the PARAM_* enum) has one. It defines how the textures are mapped to the object.</description>
	</method>
	<method name="set_uv_transform">
		<description>Sets a special transform used to post-transform UV coordinates of the uv_xfrom tecoord mode: TEXCOORD_UV_TRANSFORM.</description>
	</method>
	<method name="get_uv_transform">
		<description>Returns the special transform used to post-transform UV coordinates of the uv_xfrom tecoord mode: TEXCOORD_UV_TRANSFORM.</description>
	</method>
</methods>