<?xml version="1.0" encoding="UTF-8"?>

<methods name="GrooveJoint2D">
	<method name="set_length">
		<description>Set the length of the groove.</description>
	</method>
	<method name="get_length">
		<description>Return the length of the groove.</description>
	</method>
	<method name="set_initial_offset">
		<description>Set the initial offset of the groove on body A.</description>
	</method>
	<method name="get_initial_offset">
		<description>Set the final offset of the groove on body A.</description>
	</method>
</methods>