<?xml version="1.0" encoding="UTF-8"?>

<methods name="ColorArray">
	<method name="push_back">
		<description>Append a value to the array.</description>
	</method>
	<method name="resize">
		<description>Resize the array.</description>
	</method>
	<method name="set">
		<description>Set an index in the array.</description>
	</method>
	<method name="size">
		<description>Return the array size.</description>
	</method>
	<method name="ColorArray">
		<description>Create from a generic array.</description>
	</method>
</methods>