<?xml version="1.0" encoding="UTF-8"?>

<methods name="DampedSpringJoint2D">
	<method name="set_length">
		<description>Set the maximum length of the spring joint.</description>
	</method>
	<method name="get_length">
		<description>Return the maximum length of the spring joint.</description>
	</method>
	<method name="set_rest_length">
		<description>Set the resting length of the spring joint. The joint will always try to go to back this length when pulled apart.</description>
	</method>
	<method name="get_rest_length">
		<description>Return the resting length of the spring joint. The joint will always try to go to back this length when pulled apart.</description>
	</method>
	<method name="set_stiffness">
		<description>Set the stiffness of the spring joint.</description>
	</method>
	<method name="get_stiffness">
		<description>Return the stiffness of the spring joint.</description>
	</method>
	<method name="set_damping">
		<description>Set the damping of the spring joint.</description>
	</method>
	<method name="get_damping">
		<description>Return the damping of the spring joint.</description>
	</method>
</methods>