<?xml version="1.0" encoding="UTF-8"?>

<methods name="CollisionObject2D">
	<method name="_input_event" qualifiers="virtual">
		<argument index="0" name="viewport" type="Object"/>
		<argument index="1" name="event" type="InputEvent"/>
		<argument index="2" name="shape_idx" type="int"/>
	</method>
	<method name="add_shape">
		<argument index="0" name="shape" type="Shape2D"/>
		<argument default="1,0, 0,1, 0,0" index="1" name="transform" type="Matrix32"/>
	</method>
	<method name="get_shape_count" qualifiers="const">
		<return type="int"/>
	</method>
	<method name="set_shape">
		<argument index="0" name="shape_idx" type="int"/>
		<argument index="1" name="shape" type="Shape"/>
	</method>
	<method name="set_shape_transform">
		<argument index="0" name="shape_idx" type="int"/>
		<argument index="1" name="transform" type="Matrix32"/>
	</method>
	<method name="set_shape_as_trigger">
		<argument index="0" name="shape_idx" type="int"/>
		<argument index="1" name="enable" type="bool"/>
	</method>
	<method name="get_shape" qualifiers="const">
		<return type="Shape2D"/>
		<argument index="0" name="shape_idx" type="int"/>
	</method>
	<method name="get_shape_transform" qualifiers="const">
		<return type="Matrix32"/>
		<argument index="0" name="shape_idx" type="int"/>
	</method>
	<method name="is_shape_set_as_trigger" qualifiers="const">
		<return type="bool"/>
		<argument index="0" name="shape_idx" type="int"/>
	</method>
	<method name="remove_shape">
		<argument index="0" name="shape_idx" type="int"/>
	</method>
	<method name="clear_shapes"/>
	<method name="get_rid" qualifiers="const">
		<return type="RID"/>
	</method>
	<method name="set_pickable">
		<argument index="0" name="enabled" type="bool"/>
	</method>
	<method name="is_pickable" qualifiers="const">
		<return type="bool"/>
	</method>
</methods>