<?xml version="1.0" encoding="UTF-8"?>

<methods name="Physics2DDirectSpaceState">
	<method name="intersect_ray">
		<description>Intersect a ray in a given space, the returned object is a dictionary with the following fields:
		position: place where ray is stopped.
		normal: normal of the object at the point where the ray was stopped.
		shape: shape index of the object agaisnt which the ray was stopped.
		collider_: collider agaisnt which the ray was stopped.
		collider_id: collider id of the object agaisnt which the ray was stopped.
		collider: collider object agaisnt which the ray was stopped.
		rid: [RID] of the object agaisnt which the ray was stopped.
	If the ray did not intersect anything, then an empty dictionary (dir.empty()==true) is returned instead.</description>
	</method>
	<method name="intersect_shape">
		<description>Intersect a given shape (RID or [Shape2D]) against the space, the intersected shapes are returned in a special result object.</description>
	</method>
</methods>