<?xml version="1.0" encoding="UTF-8"?>

<methods name="FuncRef">
	<method name="call_func">
		<argument default="NULL" index="0" name="arg0" type="var"/>
		<argument default="NULL" index="1" name="arg1" type="var"/>
		<argument default="NULL" index="2" name="arg2" type="var"/>
		<argument default="NULL" index="3" name="arg3" type="var"/>
		<argument default="NULL" index="4" name="arg4" type="var"/>
		<argument default="NULL" index="5" name="arg5" type="var"/>
		<argument default="NULL" index="6" name="arg6" type="var"/>
		<argument default="NULL" index="7" name="arg7" type="var"/>
		<argument default="NULL" index="8" name="arg8" type="var"/>
		<argument default="NULL" index="9" name="arg9" type="var"/>
	</method>
	<method name="set_instance">
		<argument index="0" name="instance" type="Object"/>
	</method>
	<method name="set_function">
		<argument index="0" name="name" type="String"/>
	</method>
</methods>