<?xml version="1.0" encoding="UTF-8"?>

<methods name="Area2D">
	<method name="set_space_override_mode">
		<argument index="0" name="enable" type="int"/>
	</method>
	<method name="get_space_override_mode" qualifiers="const">
		<return type="int"/>
	</method>
	<method name="set_gravity_is_point">
		<argument index="0" name="enable" type="bool"/>
	</method>
	<method name="is_gravity_a_point" qualifiers="const">
		<return type="bool"/>
	</method>
	<method name="set_gravity_distance_scale">
		<argument index="0" name="distance_scale" type="float"/>
	</method>
	<method name="get_gravity_distance_scale" qualifiers="const">
		<return type="float"/>
	</method>
	<method name="set_gravity_vector">
		<argument index="0" name="vector" type="Vector2"/>
	</method>
	<method name="get_gravity_vector" qualifiers="const">
		<return type="Vector2"/>
	</method>
	<method name="set_gravity">
		<argument index="0" name="gravity" type="float"/>
	</method>
	<method name="get_gravity" qualifiers="const">
		<return type="float"/>
	</method>
	<method name="set_linear_damp">
		<argument index="0" name="linear_damp" type="float"/>
	</method>
	<method name="get_linear_damp" qualifiers="const">
		<return type="float"/>
	</method>
	<method name="set_angular_damp">
		<argument index="0" name="angular_damp" type="float"/>
	</method>
	<method name="get_angular_damp" qualifiers="const">
		<return type="float"/>
	</method>
	<method name="set_priority">
		<argument index="0" name="priority" type="float"/>
	</method>
	<method name="get_priority" qualifiers="const">
		<return type="float"/>
	</method>
	<method name="set_collision_mask">
		<argument index="0" name="collision_mask" type="int"/>
	</method>
	<method name="get_collision_mask" qualifiers="const">
		<return type="int"/>
	</method>
	<method name="set_layer_mask">
		<argument index="0" name="layer_mask" type="int"/>
	</method>
	<method name="get_layer_mask" qualifiers="const">
		<return type="int"/>
	</method>
	<method name="set_collision_mask_bit">
		<argument index="0" name="bit" type="int"/>
		<argument index="1" name="value" type="bool"/>
	</method>
	<method name="get_collision_mask_bit" qualifiers="const">
		<return type="bool"/>
		<argument index="0" name="bit" type="int"/>
	</method>
	<method name="set_layer_mask_bit">
		<argument index="0" name="bit" type="int"/>
		<argument index="1" name="value" type="bool"/>
	</method>
	<method name="get_layer_mask_bit" qualifiers="const">
		<return type="bool"/>
		<argument index="0" name="bit" type="int"/>
	</method>
	<method name="set_enable_monitoring">
		<argument index="0" name="enable" type="bool"/>
	</method>
	<method name="is_monitoring_enabled" qualifiers="const">
		<return type="bool"/>
	</method>
	<method name="set_monitorable">
		<argument index="0" name="enable" type="bool"/>
	</method>
	<method name="is_monitorable" qualifiers="const">
		<return type="bool"/>
	</method>
	<method name="get_overlapping_bodies" qualifiers="const">
		<return type="Array"/>
	</method>
	<method name="get_overlapping_areas" qualifiers="const">
		<return type="Array"/>
	</method>
	<method name="overlaps_body" qualifiers="const">
		<return type="PhysicsBody2D"/>
		<argument index="0" name="body" type="Object"/>
	</method>
	<method name="overlaps_area" qualifiers="const">
		<return type="Area2D"/>
		<argument index="0" name="area" type="Object"/>
	</method>
</methods>