<?xml version="1.0" encoding="UTF-8"?>

<methods name="ColorArray">
	<method name="push_back">
		<argument index="0" name="color" type="Color"/>
	</method>
	<method name="resize">
		<argument index="0" name="idx" type="int"/>
	</method>
	<method name="set">
		<argument index="0" name="idx" type="int"/>
		<argument index="1" name="color" type="Color"/>
	</method>
	<method name="size">
		<return type="int"/>
	</method>
	<method name="ColorArray">
		<return type="ColorArray"/>
		<argument index="0" name="from" type="Array"/>
	</method>
</methods>