<?xml version="1.0" encoding="UTF-8"?>

<signals name="Area">
	<signal name="body_enter">
		<argument index="0" name="body" type="Object"/>
	</signal>
	<signal name="body_enter_shape">
		<argument index="0" name="body_id" type="int"/>
		<argument index="1" name="body" type="Object"/>
		<argument index="2" name="body_shape" type="int"/>
		<argument index="3" name="area_shape" type="int"/>
	</signal>
	<signal name="area_enter">
		<argument index="0" name="area" type="Object"/>
	</signal>
	<signal name="area_enter_shape">
		<argument index="0" name="area_id" type="int"/>
		<argument index="1" name="area" type="Object"/>
		<argument index="2" name="area_shape" type="int"/>
		<argument index="3" name="area_shape" type="int"/>
	</signal>
	<signal name="body_exit">
		<argument index="0" name="body" type="Object"/>
	</signal>
	<signal name="body_exit_shape">
		<argument index="0" name="body_id" type="int"/>
		<argument index="1" name="body" type="Object"/>
		<argument index="2" name="body_shape" type="int"/>
		<argument index="3" name="area_shape" type="int"/>
	</signal>
	<signal name="area_exit">
		<argument index="0" name="area" type="Object"/>
	</signal>
	<signal name="area_exit_shape">
		<argument index="0" name="area_id" type="int"/>
		<argument index="1" name="area" type="Object"/>
		<argument index="2" name="area_shape" type="int"/>
		<argument index="3" name="area_shape" type="int"/>
	</signal>
</signals>