<?xml version="1.0" encoding="UTF-8"?>

<methods name="Physics2DDirectSpaceState">
	<method name="intersect_point">
		<return type="Array"/>
		<argument index="0" name="point" type="Vector2"/>
		<argument default="32" index="1" name="max_results" type="int"/>
		<argument default="Array()" index="2" name="exclude" type="Array"/>
		<argument default="2147483647" index="3" name="layer_mask" type="int"/>
		<argument default="15" index="4" name="type_mask" type="int"/>
	</method>
	<method name="intersect_ray">
		<return type="Dictionary"/>
		<argument index="0" name="from" type="Vector2"/>
		<argument index="1" name="to" type="Vector2"/>
		<argument default="Array()" index="2" name="exclude" type="Array"/>
		<argument default="2147483647" index="3" name="layer_mask" type="int"/>
		<argument default="15" index="4" name="type_mask" type="int"/>
	</method>
	<method name="intersect_shape">
		<return type="Array"/>
		<argument index="0" name="shape" type="Physics2DShapeQueryParameters"/>
		<argument default="32" index="1" name="max_results" type="int"/>
	</method>
	<method name="cast_motion">
		<return type="Array"/>
		<argument index="0" name="shape" type="Physics2DShapeQueryParameters"/>
	</method>
	<method name="collide_shape">
		<return type="Array"/>
		<argument index="0" name="shape" type="Physics2DShapeQueryParameters"/>
		<argument default="32" index="1" name="max_results" type="int"/>
	</method>
	<method name="get_rest_info">
		<return type="Dictionary"/>
		<argument index="0" name="shape" type="Physics2DShapeQueryParameters"/>
	</method>
</methods>