<?xml version="1.0" encoding="UTF-8"?>

<methods name="CanvasLayer">
	<method name="set_layer">
		<description>Set the layer index, determines the draw order, a lower value will be below a higher one.</description>
	</method>
	<method name="get_layer">
		<description>Return the layer index, determines the draw order, a lower value will be below a higher one.</description>
	</method>
	<method name="set_transform">
		<description>Set the base transform for this layer.</description>
	</method>
	<method name="get_transform">
		<description>Return the base transform for this layer.</description>
	</method>
	<method name="set_offset">
		<description>Set the base offset for this layer (helper).</description>
	</method>
	<method name="get_offset">
		<description>Return the base offset for this layer (helper).</description>
	</method>
	<method name="set_rotation">
		<description>Set the base rotation for this layer (helper).</description>
	</method>
	<method name="get_rotation">
		<description>Return the base rotation for this layer (helper).</description>
	</method>
	<method name="set_scale">
		<description>Set the base scale for this layer (helper).</description>
	</method>
	<method name="get_scale">
		<description>Return the base scale for this layer (helper).</description>
	</method>
	<method name="get_world_2d">
		<description>Return the [World2D] used by this layer.</description>
	</method>
	<method name="get_viewport">
		<description>Return the viewport RID for this layer.</description>
	</method>
</methods>