<?xml version="1.0" encoding="UTF-8"?>

<methods name="Globals">
	<method name="has">
		<description>Return true if a configuration value is present.</description>
	</method>
	<method name="set_order">
		<description>Set the order of a configuration value (influences when saved to the config file).</description>
	</method>
	<method name="get_order">
		<description>Return the order of a configuration value (influences when saved to the config file).</description>
	</method>
	<method name="set_persisting">
		<description>If set to true, this value can be saved to the configuration file. This is useful for editors.</description>
	</method>
	<method name="is_persisting">
		<description>If returns true, this value can be saved to the configuration file. This is useful for editors.</description>
	</method>
	<method name="clear">
		<description>Clear the whole configuration (not recommended, may break things).</description>
	</method>
	<method name="localize_path">
		<description>Convert a path to a localized path (res:// path).</description>
	</method>
	<method name="globalize_path">
		<description>Convert a localized path (res://) to a full native OS path.</description>
	</method>
</methods>