<?xml version="1.0" encoding="UTF-8"?>

<methods name="AnimationPlayer">
	<method name="add_animation">
		<description>Add an animation resource to the player, which will be later referenced by the &amp;quot;name&amp;quot; argument.</description>
	</method>
	<method name="remove_animation">
		<description>Remove an animation from the player (by supplying the same name used to add it).</description>
	</method>
	<method name="rename_animation">
		<description>Rename an existing animation.</description>
	</method>
	<method name="has_animation">
		<description>Request wether an [Animation] name exist within the player.</description>
	</method>
	<method name="get_animation">
		<description>Get an [Animation] resource by requesting a name.</description>
	</method>
	<method name="get_animation_list">
		<description>Get the list of names of the animations stored in the player.</description>
	</method>
	<method name="set_blend_time">
		<description>Specify a blend time (in seconds) between two animations, referemced by their names.</description>
	</method>
	<method name="get_blend_time">
		<description>Get the blend time between two animations, referemced by their names.</description>
	</method>
	<method name="set_default_blend_time">
		<description>Set the default blend time between animations.</description>
	</method>
	<method name="get_default_blend_time">
		<description>Return the default blend time between animations.</description>
	</method>
	<method name="play">
		<description>Play a given animation by the animation name. Custom speed and blend times can be set. If custom speed is negative (-1), &amp;apo;from_end&amp;apo; being true can play the animation backwards.</description>
	</method>
	<method name="stop_all">
		<description>Stop playback of animations (deprecated).</description>
	</method>
	<method name="is_playing">
		<description>Return wether an animation is playing.</description>
	</method>
	<method name="set_current_animation">
		<description>Set the current animation (even if no playback occurs). Using set_current_animation() and set_active() are similar to calling play().</description>
	</method>
	<method name="get_current_animation">
		<description>Return the name of the animation being played.</description>
	</method>
	<method name="queue">
		<description>Queue an animation for playback once the current one is done.</description>
	</method>
	<method name="clear_queue">
		<description>If animations are queued to play, clear them.</description>
	</method>
	<method name="set_active">
		<description>Set the player as active (playing). If false, it
will do nothing.</description>
	</method>
	<method name="is_active">
		<description>Return true if the player is active.</description>
	</method>
	<method name="set_speed">
		<description>Set a speed scaling ratio in a given animation channel (or channel 0 if none is provided). Default ratio is [i]1[/i] (no scaling).</description>
	</method>
	<method name="get_speed">
		<description>Get the speed scaling ratio in a given animation channel (or channel 0 if none is provided). Default ratio is [i]1[/i] (no scaling).</description>
	</method>
	<method name="set_autoplay">
		<description>Set the name of the animation that will be automatically played when the scene is loaded.</description>
	</method>
	<method name="get_autoplay">
		<description>Return the name of the animation that will be automatically played when the scene is loaded.</description>
	</method>
	<method name="set_root">
		<description>AnimationPlayer resolves animation track paths from this node (which is relative to itself), by default root is &amp;quot;..&amp;quot;, but it can be changed.</description>
	</method>
	<method name="get_root">
		<description>Return path to root node (see [set_root]).</description>
	</method>
	<method name="seek">
		<description>Seek the animation to a given position in time (in seconds). If &amp;apo;update&amp;apo; is true, the animation will be updated too, otherwise it will be updated at process time.</description>
	</method>
	<method name="get_pos">
		<description>Return the playback position (in seconds) in an animation channel (or channel 0 if none is provided).</description>
	</method>
	<method name="find_animation">
		<description>Find an animation name by resource.</description>
	</method>
	<method name="clear_caches">
		<description>The animation player creates caches for faster access to the nodes it will animate. However, if a specific node is removed, it may not notice it, so clear_caches will force the player to search for the nodes again.</description>
	</method>
	<method name="set_animation_process_mode">
		<description>Set the mode in which the animation player processes. By default, it processes on idle time (framerate dependent), but using fixed time works well for animating static collision bodies in 2D and 3D. See enum ANIMATION_PROCESS_*.</description>
	</method>
	<method name="get_animation_process_mode">
		<description>Return the mode in which the animation player processes. See [method set_animation_process_mode].</description>
	</method>
	<method name="get_current_animation_pos">
		<description>Get the position (in seconds) of the currently being played animation.</description>
	</method>
	<method name="get_current_animation_length">
		<description>Get the length (in seconds) of the currently being played animation.</description>
	</method>
</methods>