<?xml version="1.0" encoding="UTF-8"?>

<methods name="Camera">
	<method name="project_ray_normal" qualifiers="const">
		<return type="Vector3"/>
		<argument index="0" name="screen_point" type="Vector2"/>
	</method>
	<method name="project_local_ray_normal" qualifiers="const">
		<return type="Vector3"/>
		<argument index="0" name="screen_point" type="Vector2"/>
	</method>
	<method name="project_ray_origin" qualifiers="const">
		<return type="Vector3"/>
		<argument index="0" name="screen_point" type="Vector2"/>
	</method>
	<method name="unproject_position" qualifiers="const">
		<return type="Vector2"/>
		<argument index="0" name="world_point" type="Vector3"/>
	</method>
	<method name="is_position_behind" qualifiers="const">
		<return type="bool"/>
		<argument index="0" name="world_point" type="Vector3"/>
	</method>
	<method name="project_position" qualifiers="const">
		<return type="Vector3"/>
		<argument index="0" name="screen_point" type="Vector2"/>
	</method>
	<method name="set_perspective">
		<argument index="0" name="fov" type="float"/>
		<argument index="1" name="z_near" type="float"/>
		<argument index="2" name="z_far" type="float"/>
	</method>
	<method name="set_orthogonal">
		<argument index="0" name="size" type="float"/>
		<argument index="1" name="z_near" type="float"/>
		<argument index="2" name="z_far" type="float"/>
	</method>
	<method name="make_current"/>
	<method name="clear_current"/>
	<method name="is_current" qualifiers="const">
		<return type="bool"/>
	</method>
	<method name="get_camera_transform" qualifiers="const">
		<return type="Transform"/>
	</method>
	<method name="get_fov" qualifiers="const">
		<return type="float"/>
	</method>
	<method name="get_size" qualifiers="const">
		<return type="float"/>
	</method>
	<method name="get_zfar" qualifiers="const">
		<return type="float"/>
	</method>
	<method name="get_znear" qualifiers="const">
		<return type="float"/>
	</method>
	<method name="get_projection" qualifiers="const">
		<return type="int"/>
	</method>
	<method name="set_visible_layers">
		<argument index="0" name="mask" type="int"/>
	</method>
	<method name="get_visible_layers" qualifiers="const">
		<return type="int"/>
	</method>
	<method name="set_environment">
		<argument index="0" name="env" type="Environment"/>
	</method>
	<method name="get_environment" qualifiers="const">
		<return type="Environment"/>
	</method>
	<method name="set_keep_aspect_mode">
		<argument index="0" name="mode" type="int"/>
	</method>
	<method name="get_keep_aspect_mode" qualifiers="const">
		<return type="int"/>
	</method>
</methods>