<?xml version="1.0" encoding="UTF-8"?>

<constants name="HTTPClient">
	<constant name="METHOD_GET" value="0"/>
	<constant name="METHOD_HEAD" value="1"/>
	<constant name="METHOD_POST" value="2"/>
	<constant name="METHOD_PUT" value="3"/>
	<constant name="METHOD_DELETE" value="4"/>
	<constant name="METHOD_OPTIONS" value="5"/>
	<constant name="METHOD_TRACE" value="6"/>
	<constant name="METHOD_CONNECT" value="7"/>
	<constant name="METHOD_MAX" value="8"/>
	<constant name="STATUS_DISCONNECTED" value="0"/>
	<constant name="STATUS_RESOLVING" value="1"/>
	<constant name="STATUS_CANT_RESOLVE" value="2"/>
	<constant name="STATUS_CONNECTING" value="3"/>
	<constant name="STATUS_CANT_CONNECT" value="4"/>
	<constant name="STATUS_CONNECTED" value="5"/>
	<constant name="STATUS_REQUESTING" value="6"/>
	<constant name="STATUS_BODY" value="7"/>
	<constant name="STATUS_CONNECTION_ERROR" value="8"/>
	<constant name="STATUS_SSL_HANDSHAKE_ERROR" value="9"/>
	<constant name="RESPONSE_CONTINUE" value="100"/>
	<constant name="RESPONSE_SWITCHING_PROTOCOLS" value="101"/>
	<constant name="RESPONSE_PROCESSING" value="102"/>
	<constant name="RESPONSE_OK" value="200"/>
	<constant name="RESPONSE_CREATED" value="201"/>
	<constant name="RESPONSE_ACCEPTED" value="202"/>
	<constant name="RESPONSE_NON_AUTHORITATIVE_INFORMATION" value="203"/>
	<constant name="RESPONSE_NO_CONTENT" value="204"/>
	<constant name="RESPONSE_RESET_CONTENT" value="205"/>
	<constant name="RESPONSE_PARTIAL_CONTENT" value="206"/>
	<constant name="RESPONSE_MULTI_STATUS" value="207"/>
	<constant name="RESPONSE_IM_USED" value="226"/>
	<constant name="RESPONSE_MULTIPLE_CHOICES" value="300"/>
	<constant name="RESPONSE_MOVED_PERMANENTLY" value="301"/>
	<constant name="RESPONSE_FOUND" value="302"/>
	<constant name="RESPONSE_SEE_OTHER" value="303"/>
	<constant name="RESPONSE_NOT_MODIFIED" value="304"/>
	<constant name="RESPONSE_USE_PROXY" value="305"/>
	<constant name="RESPONSE_TEMPORARY_REDIRECT" value="307"/>
	<constant name="RESPONSE_BAD_REQUEST" value="400"/>
	<constant name="RESPONSE_UNAUTHORIZED" value="401"/>
	<constant name="RESPONSE_PAYMENT_REQUIRED" value="402"/>
	<constant name="RESPONSE_FORBIDDEN" value="403"/>
	<constant name="RESPONSE_NOT_FOUND" value="404"/>
	<constant name="RESPONSE_METHOD_NOT_ALLOWED" value="405"/>
	<constant name="RESPONSE_NOT_ACCEPTABLE" value="406"/>
	<constant name="RESPONSE_PROXY_AUTHENTICATION_REQUIRED" value="407"/>
	<constant name="RESPONSE_REQUEST_TIMEOUT" value="408"/>
	<constant name="RESPONSE_CONFLICT" value="409"/>
	<constant name="RESPONSE_GONE" value="410"/>
	<constant name="RESPONSE_LENGTH_REQUIRED" value="411"/>
	<constant name="RESPONSE_PRECONDITION_FAILED" value="412"/>
	<constant name="RESPONSE_REQUEST_ENTITY_TOO_LARGE" value="413"/>
	<constant name="RESPONSE_REQUEST_URI_TOO_LONG" value="414"/>
	<constant name="RESPONSE_UNSUPPORTED_MEDIA_TYPE" value="415"/>
	<constant name="RESPONSE_REQUESTED_RANGE_NOT_SATISFIABLE" value="416"/>
	<constant name="RESPONSE_EXPECTATION_FAILED" value="417"/>
	<constant name="RESPONSE_UNPROCESSABLE_ENTITY" value="422"/>
	<constant name="RESPONSE_LOCKED" value="423"/>
	<constant name="RESPONSE_FAILED_DEPENDENCY" value="424"/>
	<constant name="RESPONSE_UPGRADE_REQUIRED" value="426"/>
	<constant name="RESPONSE_INTERNAL_SERVER_ERROR" value="500"/>
	<constant name="RESPONSE_NOT_IMPLEMENTED" value="501"/>
	<constant name="RESPONSE_BAD_GATEWAY" value="502"/>
	<constant name="RESPONSE_SERVICE_UNAVAILABLE" value="503"/>
	<constant name="RESPONSE_GATEWAY_TIMEOUT" value="504"/>
	<constant name="RESPONSE_HTTP_VERSION_NOT_SUPPORTED" value="505"/>
	<constant name="RESPONSE_INSUFFICIENT_STORAGE" value="507"/>
	<constant name="RESPONSE_NOT_EXTENDED" value="510"/>
</constants>