<?xml version="1.0" encoding="UTF-8"?>

<methods name="HTTPClient">
	<method name="connect">
		<return type="Error"/>
		<argument index="0" name="host" type="String"/>
		<argument index="1" name="port" type="int"/>
		<argument default="false" index="2" name="use_ssl" type="bool"/>
		<argument default="true" index="3" name="verify_host" type="bool"/>
	</method>
	<method name="set_connection">
		<argument index="0" name="connection" type="StreamPeer"/>
	</method>
	<method name="request">
		<return type="int"/>
		<argument index="0" name="method" type="int"/>
		<argument index="1" name="url" type="String"/>
		<argument index="2" name="headers" type="StringArray"/>
		<argument default="&amp;quot;&amp;quot;" index="3" name="body" type="String"/>
	</method>
	<method name="send_body_text">
		<return type="int"/>
		<argument index="0" name="body" type="String"/>
	</method>
	<method name="send_body_data">
		<return type="int"/>
		<argument index="0" name="body" type="RawArray"/>
	</method>
	<method name="close"/>
	<method name="has_response" qualifiers="const">
		<return type="bool"/>
	</method>
	<method name="is_response_chunked" qualifiers="const">
		<return type="bool"/>
	</method>
	<method name="get_response_code" qualifiers="const">
		<return type="int"/>
	</method>
	<method name="get_response_headers">
		<return type="StringArray"/>
	</method>
	<method name="get_response_headers_as_dictionary">
		<return type="Dictionary"/>
	</method>
	<method name="get_response_body_length" qualifiers="const">
		<return type="int"/>
	</method>
	<method name="read_response_body_chunk">
		<return type="RawArray"/>
	</method>
	<method name="set_read_chunk_size">
		<argument index="0" name="bytes" type="int"/>
	</method>
	<method name="set_blocking_mode">
		<argument index="0" name="enabled" type="bool"/>
	</method>
	<method name="is_blocking_mode_enabled" qualifiers="const">
		<return type="bool"/>
	</method>
	<method name="get_status" qualifiers="const">
		<return type="int"/>
	</method>
	<method name="poll">
		<return type="Error"/>
	</method>
	<method name="query_string_from_dict">
		<return type="String"/>
		<argument index="0" name="fields" type="Dictionary"/>
	</method>
</methods>