<?xml version="1.0" encoding="UTF-8"?>

<methods name="CollisionPolygon2D">
	<method name="set_polygon">
		<description>Set the array of points forming the polygon.
When editing the point list via the editor, depending on [method get_build_mode], it has to be a list of points (for [code]build_mode[/code]=0), or a list of lines (for [code]build_mode[/code]=1). In the second case, the even elements of the array define the start point of the line, and the odd elements the end point.</description>
	</method>
	<method name="get_polygon">
		<description>Return the list of points that define the polygon.</description>
	</method>
	<method name="set_build_mode">
		<description>Set whether the polygon is to be a [ConvexPolygon2D] ([code]build_mode[/code]=0), or a [ConcavePolygon2D] ([code]build_mode[/code]=1).</description>
	</method>
	<method name="get_build_mode">
		<description>Return whether the polygon is a [ConvexPolygon2D] ([code]build_mode[/code]=0), or a [ConcavePolygon2D] ([code]build_mode[/code]=1).</description>
	</method>
	<method name="set_trigger">
		<description>Set whether this polygon is a trigger. A trigger polygon detects collisions, but is otherwise unaffected by physics (i.e. colliding objects will not get blocked).</description>
	</method>
	<method name="is_trigger">
		<description>Return whether this polygon is a trigger.</description>
	</method>
	<method name="get_collision_object_first_shape">
		<description>Return the index of the first shape generated by the editor.
When [code]build_mode[/code] is set to generate convex polygons, the shape shown in the editor may be decomopsed into many convex polygons. In that case, a range of indexes is needed to directly access the [Shape2D]s.
When [code]build_mode[/code] is set to generate concave polygons, there is only one [Shape2D] generated, so the start index and the end index are the same.</description>
	</method>
	<method name="get_collision_object_last_shape">
		<description>Return the index of the last shape generated by the editor.</description>
	</method>
</methods>