<?xml version="1.0" encoding="UTF-8"?>

<constants name="SpatialPlayer">
	<constant name="PARAM_VOLUME_DB" value="0"/>
	<constant name="PARAM_PITCH_SCALE" value="1"/>
	<constant name="PARAM_ATTENUATION_MIN_DISTANCE" value="2"/>
	<constant name="PARAM_ATTENUATION_MAX_DISTANCE" value="3"/>
	<constant name="PARAM_ATTENUATION_DISTANCE_EXP" value="4"/>
	<constant name="PARAM_EMISSION_CONE_DEGREES" value="5"/>
	<constant name="PARAM_EMISSION_CONE_ATTENUATION_DB" value="6"/>
	<constant name="PARAM_MAX" value="7"/>
</constants>