<?xml version="1.0" encoding="UTF-8"?>

<methods name="AudioStreamPlayback">
	<method name="
i
s
_
p
l
a
y
i
n
g
">
		<return>
</return>
	</method>
	<method name="
h
a
s
_
l
o
o
p
">
		<return>
</return>
	</method>
	<method name="
g
e
t
_
l
o
o
p
_
c
o
u
n
t
">
		<return>
</return>
	</method>
	<method name="
g
e
t
_
p
o
s
">
		<return>
</return>
	</method>
	<method name="
g
e
t
_
l
e
n
g
t
h
">
		<return>
</return>
	</method>
	<method name="
g
e
t
_
c
h
a
n
n
e
l
s
">
		<return>
</return>
	</method>
	<method name="
g
e
t
_
m
i
x
_
r
a
t
e
">
		<return>
</return>
	</method>
	<method name="
g
e
t
_
m
i
n
i
m
u
m
_
b
u
f
f
e
r
_
s
i
z
e
">
		<return>
</return>
	</method>
</methods>