<?xml version="1.0" encoding="UTF-8"?>

<methods name="Dictionary">
	<method name="clear">
		<description>Clear the dictionary, removing all key/value pairs.</description>
	</method>
	<method name="empty">
		<description>Return true if the dictionary is empty.</description>
	</method>
	<method name="erase">
		<description>Erase a dictionary key/value pair by key.</description>
	</method>
	<method name="has">
		<description>Return true if the dictionary has a given key.</description>
	</method>
	<method name="hash">
		<description>Return a hashed integer value representing the dictionary contents.</description>
	</method>
	<method name="keys">
		<description>Return the list of keys in the dictionary.</description>
	</method>
	<method name="size">
		<description>Return the size of the dictionary (in pairs).</description>
	</method>
</methods>