<?xml version="1.0" encoding="UTF-8"?>

<constants name="AudioServer">
	<constant name="SAMPLE_FORMAT_PCM8">Sample format is 8 bits, signed.</constant>
	<constant name="SAMPLE_FORMAT_PCM16">Sample format is 16 bits, little-endian, signed.</constant>
	<constant name="SAMPLE_FORMAT_IMA_ADPCM">Sample format is IMA-ADPCM compressed.</constant>
	<constant name="SAMPLE_LOOP_NONE">Sample does not loop.</constant>
	<constant name="SAMPLE_LOOP_FORWARD">Sample loops in forward mode.</constant>
	<constant name="SAMPLE_LOOP_PING_PONG">Sample loops in a bidirectional way.</constant>
	<constant name="FILTER_NONE">Filter is disabled.</constant>
	<constant name="FILTER_LOWPASS">Filter is a resonant lowpass.</constant>
	<constant name="FILTER_BANDPASS">Filter is a resonant bandpass.</constant>
	<constant name="FILTER_HIPASS">Filter is a resonant highpass.</constant>
	<constant name="FILTER_NOTCH">Filter is a notch (band reject).</constant>
	<constant name="FILTER_BANDLIMIT">Filter is a bandlimit (resonance used as highpass).</constant>
	<constant name="REVERB_SMALL">Small reverb room (closet, bathroom, etc).</constant>
	<constant name="REVERB_MEDIUM">Medium reverb room (living room)</constant>
	<constant name="REVERB_LARGE">Large reverb room (warehouse).</constant>
	<constant name="REVERB_HALL">Large reverb room with long decay.</constant>
</constants>