<?xml version="1.0" encoding="UTF-8"?>

<methods name="AudioServer">
	<method name="sample_create">
		<description>Create an audio sample, return a [RID] referencing it. The sample will be created with a given format (from the SAMPLE_FORMAT_* enum), a total length (in samples, not bytes), in either stereo or mono.
Even if a stereo sample consists of a left sample and a right sample, it still counts as one sample for length purposes.</description>
	</method>
	<method name="sample_set_description">
		<description>Set the description of an audio sample. Mainly used for organization.</description>
	</method>
	<method name="sample_get_description">
		<description>Return the description of an audio sample. Mainly used for organization.</description>
	</method>
	<method name="sample_get_format">
		<description>Return the format of the audio sample, in the form of the SAMPLE_FORMAT_* enum.</description>
	</method>
	<method name="sample_is_stereo">
		<description>Return whether the sample is stereo (2 channels).</description>
	</method>
	<method name="sample_get_length">
		<description>Return the length in samples (not bytes) of the audio sample. Even if a stereo sample consists of a left sample and a right sample, it still counts as one sample for length purposes.</description>
	</method>
	<method name="sample_set_signed_data">
		<description>Set the sample data for a given sample as an array of floats. The length must be equal to the sample lenght or an error will be produced.
For this method, a stereo sample is made from two samples. Thus, in case of a stereo sample, the array length must be twice the length returned by [method sample_get_length].
Trying to alter a SAMPLE_FORMAT_IMA_ADPCM sample is not supported. It will throw an error to the console, but will not alter the sample data.</description>
	</method>
	<method name="sample_set_data">
		<description>Set the sample data for a given sample as an array of bytes. The length must be equal to the sample lenght expected in bytes or an error will be produced. The byte length can be calculated as follows:
Get the sample length ([method get_sample_length]).
If the sample format is SAMPLE_FORMAT_PCM16, multiply it by 2.
If the sample format is SAMPLE_FORMAT_IMA_ADPCM, divide it by 2 (rounding any fraction up), then add 4.
If the sample is stereo ([method sample_is_stereo]), multiply it by 2.</description>
	</method>
	<method name="sample_get_data">
		<description>Return the sample data as an array of bytes. The length will be the expected length in bytes.</description>
	</method>
	<method name="sample_set_mix_rate">
		<description>Change the default mix rate of a given sample.</description>
	</method>
	<method name="sample_get_mix_rate">
		<description>Return the mix rate of the given sample.</description>
	</method>
	<method name="sample_set_loop_format">
		<description>Set the loop format for a sample from the SAMPLE_LOOP_* enum. As a warning, Ping Pong loops may not be available on some hardware-mixing platforms.</description>
	</method>
	<method name="sample_get_loop_format">
		<description>Return the loop format for a sample, as a value from the SAMPLE_LOOP_* enum.</description>
	</method>
	<method name="sample_set_loop_begin">
		<description>Set the initial loop point of a sample. Only has effect if sample loop is enabled. See [method sample_set_loop_format].</description>
	</method>
	<method name="sample_get_loop_begin">
		<description>Return the initial loop point of a sample. Only has effect if sample loop is enabled. See [method sample_set_loop_format].</description>
	</method>
	<method name="sample_set_loop_end">
		<description>Set the final loop point of a sample. Only has effect if sample loop is enabled. See [method sample_set_loop_format].</description>
	</method>
	<method name="sample_get_loop_end">
		<description>Return the final loop point of a sample. Only has effect if sample loop is enabled. See [method sample_set_loop_format].</description>
	</method>
	<method name="voice_create">
		<description>Allocate a voice for playback. Voices are persistent. A voice can play a single sample at the same time. See [method sample_create].</description>
	</method>
	<method name="voice_play">
		<description>Start playback of a given voice using a given sample. If the voice was already playing it will be restarted.</description>
	</method>
	<method name="voice_set_volume">
		<description>Change the volume of a currently playing voice. Volume is expressed as linear gain where 0.0 is mute and 1.0 is default.</description>
	</method>
	<method name="voice_set_pan">
		<description>Change the pan of a currently playing voice and, optionally, the depth and height for a positional/3D sound. Panning values are expressed within the -1 to +1 range.</description>
	</method>
	<method name="voice_set_filter">
		<description>Set a resonant filter post processing for the voice. Filter type is a value from the FILTER_* enum.</description>
	</method>
	<method name="voice_set_chorus">
		<description>Set chorus send post processing for the voice (from 0 to 1).</description>
	</method>
	<method name="voice_set_reverb">
		<description>Set the reverb send post processing for the voice (from 0 to 1) and the reverb type, from the REVERB_* enum.</description>
	</method>
	<method name="voice_set_mix_rate">
		<description>Set a different playback mix rate for the given voice.</description>
	</method>
	<method name="voice_set_positional">
		<description>Set wether a given voice is positional. This is only interpreted as a hint and used for backends that may support binaural encoding.</description>
	</method>
	<method name="voice_get_volume">
		<description>Return the current volume for a given voice.</description>
	</method>
	<method name="voice_get_pan">
		<description>Return the current pan for a given voice (-1 to +1 range).</description>
	</method>
	<method name="voice_get_pan_height">
		<description>Return the current pan height for a given voice (-1 to +1 range).</description>
	</method>
	<method name="voice_get_pan_depth">
		<description>Return the current pan depth for a given voice (-1 to +1 range).</description>
	</method>
	<method name="voice_get_filter_type">
		<description>Return the current selected filter type for a given voice, from the FILTER_* enum.</description>
	</method>
	<method name="voice_get_filter_cutoff">
		<description>Return the current filter cutoff (in hz) for a given voice.</description>
	</method>
	<method name="voice_get_filter_resonance">
		<description>Return the current filter resonance for a given voice.</description>
	</method>
	<method name="voice_get_chorus">
		<description>Return the current chorus send for a given voice (0 to 1).</description>
	</method>
	<method name="voice_get_reverb_type">
		<description>Return the current reverb type for a given voice from the REVERB_* enum.</description>
	</method>
	<method name="voice_get_reverb">
		<description>Return the current reverb send for a given voice (0 to 1).</description>
	</method>
	<method name="voice_get_mix_rate">
		<description>Return the current mix rate for a given voice.</description>
	</method>
	<method name="voice_is_positional">
		<description>Return wether the current voice is positional. See [method voice_set_positional].</description>
	</method>
	<method name="voice_stop">
		<description>Stop a given voice.</description>
	</method>
	<method name="free_rid">
		<description>Free a [RID] resource.</description>
	</method>
	<method name="set_stream_global_volume_scale">
		<description>Set global scale for stream playback. Default is 1.0.</description>
	</method>
	<method name="get_stream_global_volume_scale">
		<description>Return the global scale for stream playback.</description>
	</method>
	<method name="set_fx_global_volume_scale">
		<description>Set global scale for all voices (not including streams). Default is 1.0.</description>
	</method>
	<method name="get_fx_global_volume_scale">
		<description>Return the global scale for all voices.</description>
	</method>
	<method name="set_event_voice_global_volume_scale">
		<description>Set global scale for event-based stream ([EventStream]) playback. Default is 1.0.</description>
	</method>
	<method name="get_event_voice_global_volume_scale">
		<description>Return the global scale for event-based stream playback.</description>
	</method>
</methods>