<?xml version="1.0" encoding="UTF-8"?>

<constants name="Image">
	<constant name="COMPRESS_BC" value="0"/>
	<constant name="COMPRESS_PVRTC2" value="1"/>
	<constant name="COMPRESS_PVRTC4" value="2"/>
	<constant name="COMPRESS_ETC" value="3"/>
	<constant name="FORMAT_GRAYSCALE" value="0"/>
	<constant name="FORMAT_INTENSITY" value="1"/>
	<constant name="FORMAT_GRAYSCALE_ALPHA" value="2"/>
	<constant name="FORMAT_RGB" value="3"/>
	<constant name="FORMAT_RGBA" value="4"/>
	<constant name="FORMAT_INDEXED" value="5"/>
	<constant name="FORMAT_INDEXED_ALPHA" value="6"/>
	<constant name="FORMAT_YUV_422" value="7"/>
	<constant name="FORMAT_YUV_444" value="8"/>
	<constant name="FORMAT_BC1" value="9"/>
	<constant name="FORMAT_BC2" value="10"/>
	<constant name="FORMAT_BC3" value="11"/>
	<constant name="FORMAT_BC4" value="12"/>
	<constant name="FORMAT_BC5" value="13"/>
	<constant name="FORMAT_PVRTC2" value="14"/>
	<constant name="FORMAT_PVRTC2_ALPHA" value="15"/>
	<constant name="FORMAT_PVRTC4" value="16"/>
	<constant name="FORMAT_PVRTC4_ALPHA" value="17"/>
	<constant name="FORMAT_ETC" value="18"/>
	<constant name="FORMAT_ATC" value="19"/>
	<constant name="FORMAT_ATC_ALPHA_EXPLICIT" value="20"/>
	<constant name="FORMAT_ATC_ALPHA_INTERPOLATED" value="21"/>
	<constant name="FORMAT_CUSTOM" value="22"/>
</constants>