<?xml version="1.0" encoding="UTF-8"?>

<methods name="Image">
	<method name="blit_rect">
		<argument index="0" name="src" type="Image"/>
		<argument index="1" name="src_rect" type="Rect2"/>
		<argument default="0" index="2" name="dest" type="Vector2"/>
	</method>
	<method name="brush_transfer">
		<argument index="0" name="src" type="Image"/>
		<argument index="1" name="brush" type="Image"/>
		<argument default="0" index="2" name="pos" type="Vector2"/>
	</method>
	<method name="brushed">
		<return type="Image"/>
		<argument index="0" name="src" type="Image"/>
		<argument index="1" name="brush" type="Image"/>
		<argument default="0" index="2" name="pos" type="Vector2"/>
	</method>
	<method name="compressed">
		<return type="Image"/>
		<argument default="0" index="0" name="format" type="int"/>
	</method>
	<method name="converted">
		<return type="Image"/>
		<argument default="0" index="0" name="format" type="int"/>
	</method>
	<method name="decompressed">
		<return type="Image"/>
	</method>
	<method name="empty">
		<return type="bool"/>
	</method>
	<method name="get_data">
		<return type="RawArray"/>
	</method>
	<method name="get_format">
		<return type="int"/>
	</method>
	<method name="get_height">
		<return type="int"/>
	</method>
	<method name="get_pixel">
		<return type="Color"/>
		<argument index="0" name="x" type="int"/>
		<argument index="1" name="y" type="int"/>
		<argument default="0" index="2" name="mipmap_level" type="int"/>
	</method>
	<method name="get_rect">
		<return type="Image"/>
		<argument default="0" index="0" name="area" type="Rect2"/>
	</method>
	<method name="get_used_rect">
		<return type="Rect2"/>
	</method>
	<method name="get_width">
		<return type="int"/>
	</method>
	<method name="load">
		<return type="int"/>
		<argument default="0" index="0" name="path" type="String"/>
	</method>
	<method name="put_pixel">
		<argument index="0" name="x" type="int"/>
		<argument index="1" name="y" type="int"/>
		<argument index="2" name="color" type="Color"/>
		<argument default="0" index="3" name="mipmap_level" type="int"/>
	</method>
	<method name="resized">
		<return type="Image"/>
		<argument index="0" name="x" type="int"/>
		<argument index="1" name="y" type="int"/>
		<argument default="1" index="2" name="interpolation" type="int"/>
	</method>
	<method name="save_png">
		<return type="int"/>
		<argument default="0" index="0" name="path" type="String"/>
	</method>
	<method name="Image">
		<return type="Image"/>
		<argument index="0" name="width" type="int"/>
		<argument index="1" name="height" type="int"/>
		<argument index="2" name="mipmaps" type="bool"/>
		<argument index="3" name="format" type="int"/>
	</method>
</methods>