<?xml version="1.0" encoding="UTF-8"?>

<methods name="Font">
	<method name="create_from_fnt">
		<return type="int"/>
		<argument index="0" name="path" type="String"/>
	</method>
	<method name="set_height">
		<argument index="0" name="px" type="float"/>
	</method>
	<method name="get_height" qualifiers="const">
		<return type="float"/>
	</method>
	<method name="set_ascent">
		<argument index="0" name="px" type="float"/>
	</method>
	<method name="get_ascent" qualifiers="const">
		<return type="float"/>
	</method>
	<method name="get_descent" qualifiers="const">
		<return type="float"/>
	</method>
	<method name="add_kerning_pair">
		<argument index="0" name="char_a" type="int"/>
		<argument index="1" name="char_b" type="int"/>
		<argument index="2" name="kerning" type="int"/>
	</method>
	<method name="get_kerning_pair" qualifiers="const">
		<return type="int"/>
		<argument index="0" name="char_a" type="int"/>
		<argument index="1" name="char_b" type="int"/>
	</method>
	<method name="add_texture">
		<argument index="0" name="texture" type="Texture"/>
	</method>
	<method name="add_char">
		<argument index="0" name="character" type="int"/>
		<argument index="1" name="texture" type="int"/>
		<argument index="2" name="rect" type="Rect2"/>
		<argument default="Vector2(0,0)" index="3" name="align" type="Vector2"/>
		<argument default="-1" index="4" name="advance" type="float"/>
	</method>
	<method name="get_texture_count" qualifiers="const">
		<return type="int"/>
	</method>
	<method name="get_texture" qualifiers="const">
		<return type="Texture"/>
		<argument index="0" name="idx" type="int"/>
	</method>
	<method name="get_char_size" qualifiers="const">
		<return type="Vector2"/>
		<argument index="0" name="char" type="int"/>
		<argument default="0" index="1" name="next" type="int"/>
	</method>
	<method name="get_string_size" qualifiers="const">
		<return type="Vector2"/>
		<argument index="0" name="string" type="String"/>
	</method>
	<method name="set_distance_field_hint">
		<argument index="0" name="enable" type="bool"/>
	</method>
	<method name="is_distance_field_hint" qualifiers="const">
		<return type="bool"/>
	</method>
	<method name="clear"/>
	<method name="draw" qualifiers="const">
		<argument index="0" name="canvas_item" type="RID"/>
		<argument index="1" name="pos" type="Vector2"/>
		<argument index="2" name="string" type="String"/>
		<argument default="Color(1,1,1,1)" index="3" name="modulate" type="Color"/>
		<argument default="-1" index="4" name="clip_w" type="int"/>
	</method>
	<method name="draw_char" qualifiers="const">
		<return type="float"/>
		<argument index="0" name="canvas_item" type="RID"/>
		<argument index="1" name="pos" type="Vector2"/>
		<argument index="2" name="char" type="int"/>
		<argument default="-1" index="3" name="next" type="int"/>
		<argument default="Color(1,1,1,1)" index="4" name="modulate" type="Color"/>
	</method>
	<method name="set_fallback">
		<argument index="0" name="fallback" type="Object"/>
	</method>
	<method name="get_fallback" qualifiers="const">
		<return type="Object"/>
	</method>
</methods>