<?xml version="1.0" encoding="UTF-8"?>

<methods name="CollisionShape">
	<method name="resource_changed">
		<argument index="0" name="resource" type="Object"/>
	</method>
	<method name="set_shape">
		<argument index="0" name="shape" type="Object"/>
	</method>
	<method name="get_shape" qualifiers="const">
		<return type="Object"/>
	</method>
	<method name="set_trigger">
		<argument index="0" name="enable" type="bool"/>
	</method>
	<method name="is_trigger" qualifiers="const">
		<return type="bool"/>
	</method>
	<method name="make_convex_from_brothers"/>
	<method name="get_collision_object_shape_index" qualifiers="const">
		<return type="int"/>
	</method>
</methods>