<?xml version="1.0" encoding="UTF-8"?>

<methods name="FileDialog">
	<method name="clear_filters">
		<description>Clear all the added filters in the dialog.</description>
	</method>
	<method name="add_filter">
		<description>Add a custom filter. Filter format is: &amp;quot;mask ; description&amp;quot;, example (C++): dialog-&amp;gt;add_filter(&amp;quot;*.png ; PNG Images&amp;quot;);</description>
	</method>
	<method name="get_current_dir">
		<description>Get the current working directory of the file dialog.</description>
	</method>
	<method name="get_current_file">
		<description>Get the current selected file of the file dialog (empty if none).</description>
	</method>
	<method name="get_current_path">
		<description>Get the current selected path (directory and file) of the file dialog (empty if none).</description>
	</method>
	<method name="set_mode">
		<description>Set the file dialog mode from the MODE_* enum.</description>
	</method>
	<method name="get_mode">
		<description>Get the file dialog mode from the MODE_* enum.</description>
	</method>
</methods>