<?xml version="1.0" encoding="UTF-8"?>

<constants name="AudioServer">
	<constant name="SAMPLE_FORMAT_PCM8" value="0"/>
	<constant name="SAMPLE_FORMAT_PCM16" value="1"/>
	<constant name="SAMPLE_FORMAT_IMA_ADPCM" value="2"/>
	<constant name="SAMPLE_LOOP_NONE" value="0"/>
	<constant name="SAMPLE_LOOP_FORWARD" value="1"/>
	<constant name="SAMPLE_LOOP_PING_PONG" value="2"/>
	<constant name="FILTER_NONE" value="0"/>
	<constant name="FILTER_LOWPASS" value="1"/>
	<constant name="FILTER_BANDPASS" value="2"/>
	<constant name="FILTER_HIPASS" value="3"/>
	<constant name="FILTER_NOTCH" value="4"/>
	<constant name="FILTER_BANDLIMIT" value="6"/>
	<constant name="REVERB_SMALL" value="0"/>
	<constant name="REVERB_MEDIUM" value="1"/>
	<constant name="REVERB_LARGE" value="2"/>
	<constant name="REVERB_HALL" value="3"/>
</constants>