<?xml version="1.0" encoding="UTF-8"?>

<methods name="AudioServer">
	<method name="sample_create">
		<return type="RID"/>
		<argument index="0" name="format" type="int"/>
		<argument index="1" name="stereo" type="bool"/>
		<argument index="2" name="length" type="int"/>
	</method>
	<method name="sample_set_description">
		<argument index="0" name="sample" type="RID"/>
		<argument index="1" name="description" type="String"/>
	</method>
	<method name="sample_get_description" qualifiers="const">
		<return type="String"/>
		<argument index="0" name="sample" type="RID"/>
	</method>
	<method name="sample_get_format" qualifiers="const">
		<return type="int"/>
		<argument index="0" name="sample" type="RID"/>
	</method>
	<method name="sample_is_stereo" qualifiers="const">
		<return type="bool"/>
		<argument index="0" name="sample" type="RID"/>
	</method>
	<method name="sample_get_length" qualifiers="const">
		<return type="int"/>
		<argument index="0" name="sample" type="RID"/>
	</method>
	<method name="sample_set_signed_data">
		<argument index="0" name="sample" type="RID"/>
		<argument index="1" name="data" type="RealArray"/>
	</method>
	<method name="sample_set_data">
		<argument index="0" name="sample" type="RID"/>
		<argument index="1" name="data" type="RawArray"/>
	</method>
	<method name="sample_get_data" qualifiers="const">
		<return type="RawArray"/>
		<argument index="0" name="sample" type="RID"/>
	</method>
	<method name="sample_set_mix_rate">
		<argument index="0" name="sample" type="RID"/>
		<argument index="1" name="mix_rate" type="int"/>
	</method>
	<method name="sample_get_mix_rate" qualifiers="const">
		<return type="int"/>
		<argument index="0" name="sample" type="RID"/>
	</method>
	<method name="sample_set_loop_format">
		<argument index="0" name="sample" type="RID"/>
		<argument index="1" name="loop_format" type="int"/>
	</method>
	<method name="sample_get_loop_format" qualifiers="const">
		<return type="int"/>
		<argument index="0" name="sample" type="RID"/>
	</method>
	<method name="sample_set_loop_begin">
		<argument index="0" name="sample" type="RID"/>
		<argument index="1" name="pos" type="int"/>
	</method>
	<method name="sample_get_loop_begin" qualifiers="const">
		<return type="int"/>
		<argument index="0" name="sample" type="RID"/>
	</method>
	<method name="sample_set_loop_end">
		<argument index="0" name="sample" type="RID"/>
		<argument index="1" name="pos" type="int"/>
	</method>
	<method name="sample_get_loop_end" qualifiers="const">
		<return type="int"/>
		<argument index="0" name="sample" type="RID"/>
	</method>
	<method name="voice_create">
		<return type="RID"/>
	</method>
	<method name="voice_play">
		<argument index="0" name="voice" type="RID"/>
		<argument index="1" name="sample" type="RID"/>
	</method>
	<method name="voice_set_volume">
		<argument index="0" name="voice" type="RID"/>
		<argument index="1" name="volume" type="float"/>
	</method>
	<method name="voice_set_pan">
		<argument index="0" name="voice" type="RID"/>
		<argument index="1" name="pan" type="float"/>
		<argument default="0" index="2" name="depth" type="float"/>
		<argument default="0" index="3" name="height" type="float"/>
	</method>
	<method name="voice_set_filter">
		<argument index="0" name="voice" type="RID"/>
		<argument index="1" name="type" type="int"/>
		<argument index="2" name="cutoff" type="float"/>
		<argument index="3" name="resonance" type="float"/>
		<argument default="0" index="4" name="gain" type="float"/>
	</method>
	<method name="voice_set_chorus">
		<argument index="0" name="voice" type="RID"/>
		<argument index="1" name="chorus" type="float"/>
	</method>
	<method name="voice_set_reverb">
		<argument index="0" name="voice" type="RID"/>
		<argument index="1" name="room" type="int"/>
		<argument index="2" name="reverb" type="float"/>
	</method>
	<method name="voice_set_mix_rate">
		<argument index="0" name="voice" type="RID"/>
		<argument index="1" name="rate" type="int"/>
	</method>
	<method name="voice_set_positional">
		<argument index="0" name="voice" type="RID"/>
		<argument index="1" name="enabled" type="bool"/>
	</method>
	<method name="voice_get_volume" qualifiers="const">
		<return type="float"/>
		<argument index="0" name="voice" type="RID"/>
	</method>
	<method name="voice_get_pan" qualifiers="const">
		<return type="float"/>
		<argument index="0" name="voice" type="RID"/>
	</method>
	<method name="voice_get_pan_height" qualifiers="const">
		<return type="float"/>
		<argument index="0" name="voice" type="RID"/>
	</method>
	<method name="voice_get_pan_depth" qualifiers="const">
		<return type="float"/>
		<argument index="0" name="voice" type="RID"/>
	</method>
	<method name="voice_get_filter_type" qualifiers="const">
		<return type="int"/>
		<argument index="0" name="voice" type="RID"/>
	</method>
	<method name="voice_get_filter_cutoff" qualifiers="const">
		<return type="float"/>
		<argument index="0" name="voice" type="RID"/>
	</method>
	<method name="voice_get_filter_resonance" qualifiers="const">
		<return type="float"/>
		<argument index="0" name="voice" type="RID"/>
	</method>
	<method name="voice_get_chorus" qualifiers="const">
		<return type="float"/>
		<argument index="0" name="voice" type="RID"/>
	</method>
	<method name="voice_get_reverb_type" qualifiers="const">
		<return type="int"/>
		<argument index="0" name="voice" type="RID"/>
	</method>
	<method name="voice_get_reverb" qualifiers="const">
		<return type="float"/>
		<argument index="0" name="voice" type="RID"/>
	</method>
	<method name="voice_get_mix_rate" qualifiers="const">
		<return type="int"/>
		<argument index="0" name="voice" type="RID"/>
	</method>
	<method name="voice_is_positional" qualifiers="const">
		<return type="bool"/>
		<argument index="0" name="voice" type="RID"/>
	</method>
	<method name="voice_stop">
		<argument index="0" name="voice" type="RID"/>
	</method>
	<method name="free_rid">
		<argument index="0" name="rid" type="RID"/>
	</method>
	<method name="set_stream_global_volume_scale">
		<argument index="0" name="scale" type="float"/>
	</method>
	<method name="get_stream_global_volume_scale" qualifiers="const">
		<return type="float"/>
	</method>
	<method name="set_fx_global_volume_scale">
		<argument index="0" name="scale" type="float"/>
	</method>
	<method name="get_fx_global_volume_scale" qualifiers="const">
		<return type="float"/>
	</method>
	<method name="set_event_voice_global_volume_scale">
		<argument index="0" name="scale" type="float"/>
	</method>
	<method name="get_event_voice_global_volume_scale" qualifiers="const">
		<return type="float"/>
	</method>
</methods>