<?xml version="1.0" encoding="UTF-8"?>

<methods name="AtlasTexture">
	<method name="set_atlas">
		<argument index="0" name="atlas" type="Texture"/>
	</method>
	<method name="get_atlas" qualifiers="const">
		<return type="Texture"/>
	</method>
	<method name="set_region">
		<argument index="0" name="region" type="Rect2"/>
	</method>
	<method name="get_region" qualifiers="const">
		<return type="Rect2"/>
	</method>
	<method name="set_margin">
		<argument index="0" name="margin" type="Rect2"/>
	</method>
	<method name="get_margin" qualifiers="const">
		<return type="Rect2"/>
	</method>
</methods>