<?xml version="1.0" encoding="UTF-8"?>

<methods name="AABB">
	<method name="encloses">
		<return type="bool"/>
		<argument index="0" name="with" type="AABB"/>
	</method>
	<method name="expand">
		<return type="AABB"/>
		<argument index="0" name="to_point" type="Vector3"/>
	</method>
	<method name="get_area">
		<return type="float"/>
	</method>
	<method name="get_endpoint">
		<return type="Vector3"/>
		<argument index="0" name="idx" type="int"/>
	</method>
	<method name="get_longest_axis">
		<return type="Vector3"/>
	</method>
	<method name="get_longest_axis_index">
		<return type="int"/>
	</method>
	<method name="get_longest_axis_size">
		<return type="float"/>
	</method>
	<method name="get_shortest_axis">
		<return type="Vector3"/>
	</method>
	<method name="get_shortest_axis_index">
		<return type="int"/>
	</method>
	<method name="get_shortest_axis_size">
		<return type="float"/>
	</method>
	<method name="get_support">
		<return type="Vector3"/>
		<argument index="0" name="dir" type="Vector3"/>
	</method>
	<method name="grow">
		<return type="AABB"/>
		<argument index="0" name="by" type="float"/>
	</method>
	<method name="has_no_area">
		<return type="bool"/>
	</method>
	<method name="has_no_surface">
		<return type="bool"/>
	</method>
	<method name="has_point">
		<return type="bool"/>
		<argument index="0" name="point" type="Vector3"/>
	</method>
	<method name="intersection">
		<return type="AABB"/>
		<argument index="0" name="with" type="AABB"/>
	</method>
	<method name="intersects">
		<return type="bool"/>
		<argument index="0" name="with" type="AABB"/>
	</method>
	<method name="intersects_plane">
		<return type="bool"/>
		<argument index="0" name="plane" type="Plane"/>
	</method>
	<method name="intersects_segment">
		<return type="bool"/>
		<argument index="0" name="from" type="Vector3"/>
		<argument index="1" name="to" type="Vector3"/>
	</method>
	<method name="merge">
		<return type="AABB"/>
		<argument index="0" name="with" type="AABB"/>
	</method>
	<method name="AABB">
		<return type="AABB"/>
		<argument index="0" name="pos" type="Vector3"/>
		<argument index="1" name="size" type="Vector3"/>
	</method>
</methods>