<?xml version="1.0" encoding="UTF-8"?>

<methods name="GridMap">
	<method name="set_theme">
		<argument index="0" name="theme" type="MeshLibrary"/>
	</method>
	<method name="get_theme" qualifiers="const">
		<return type="MeshLibrary"/>
	</method>
	<method name="set_bake">
		<argument index="0" name="enable" type="bool"/>
	</method>
	<method name="is_baking_enabled" qualifiers="const">
		<return type="bool"/>
	</method>
	<method name="set_cell_size">
		<argument index="0" name="size" type="float"/>
	</method>
	<method name="get_cell_size" qualifiers="const">
		<return type="float"/>
	</method>
	<method name="set_octant_size">
		<argument index="0" name="size" type="int"/>
	</method>
	<method name="get_octant_size" qualifiers="const">
		<return type="int"/>
	</method>
	<method name="set_cell_item">
		<argument index="0" name="x" type="int"/>
		<argument index="1" name="y" type="int"/>
		<argument index="2" name="z" type="int"/>
		<argument index="3" name="item" type="int"/>
		<argument default="0" index="4" name="orientation" type="int"/>
	</method>
	<method name="get_cell_item" qualifiers="const">
		<return type="int"/>
		<argument index="0" name="x" type="int"/>
		<argument index="1" name="y" type="int"/>
		<argument index="2" name="z" type="int"/>
	</method>
	<method name="get_cell_item_orientation" qualifiers="const">
		<return type="int"/>
		<argument index="0" name="x" type="int"/>
		<argument index="1" name="y" type="int"/>
		<argument index="2" name="z" type="int"/>
	</method>
	<method name="resource_changed">
		<argument index="0" name="resource" type="Object"/>
	</method>
	<method name="set_center_x">
		<argument index="0" name="enable" type="bool"/>
	</method>
	<method name="get_center_x" qualifiers="const">
		<return type="bool"/>
	</method>
	<method name="set_center_y">
		<argument index="0" name="enable" type="bool"/>
	</method>
	<method name="get_center_y" qualifiers="const">
		<return type="bool"/>
	</method>
	<method name="set_center_z">
		<argument index="0" name="enable" type="bool"/>
	</method>
	<method name="get_center_z" qualifiers="const">
		<return type="bool"/>
	</method>
	<method name="set_clip">
		<argument index="0" name="enabled" type="bool"/>
		<argument default="true" index="1" name="clipabove" type="bool"/>
		<argument default="0" index="2" name="floor" type="int"/>
		<argument default="0" index="3" name="axis" type="int"/>
	</method>
	<method name="create_area">
		<return type="int"/>
		<argument index="0" name="id" type="int"/>
		<argument index="1" name="area" type="AABB"/>
	</method>
	<method name="area_get_bounds" qualifiers="const">
		<return type="AABB"/>
		<argument index="0" name="area" type="int"/>
	</method>
	<method name="area_set_exterior_portal">
		<argument index="0" name="area" type="int"/>
		<argument index="1" name="enable" type="bool"/>
	</method>
	<method name="area_set_name">
		<argument index="0" name="area" type="int"/>
		<argument index="1" name="name" type="String"/>
	</method>
	<method name="area_get_name" qualifiers="const">
		<return type="String"/>
		<argument index="0" name="area" type="int"/>
	</method>
	<method name="area_is_exterior_portal" qualifiers="const">
		<return type="bool"/>
		<argument index="0" name="area" type="int"/>
	</method>
	<method name="area_set_portal_disable_distance">
		<argument index="0" name="area" type="int"/>
		<argument index="1" name="distance" type="float"/>
	</method>
	<method name="area_get_portal_disable_distance" qualifiers="const">
		<return type="float"/>
		<argument index="0" name="area" type="int"/>
	</method>
	<method name="area_set_portal_disable_color">
		<argument index="0" name="area" type="int"/>
		<argument index="1" name="color" type="Color"/>
	</method>
	<method name="area_get_portal_disable_color" qualifiers="const">
		<return type="Color"/>
		<argument index="0" name="area" type="int"/>
	</method>
	<method name="erase_area">
		<argument index="0" name="area" type="int"/>
	</method>
	<method name="get_unused_area_id" qualifiers="const">
		<return type="int"/>
	</method>
	<method name="bake_geometry"/>
	<method name="set_use_baked_light">
		<argument index="0" name="use" type="bool"/>
	</method>
	<method name="is_using_baked_light" qualifiers="const">
		<return type="bool"/>
	</method>
	<method name="clear"/>
</methods>