<?xml version="1.0" encoding="UTF-8"?>

<methods name="Globals">
	<method name="has" qualifiers="const">
		<return type="bool"/>
		<argument index="0" name="name" type="String"/>
	</method>
	<method name="set_order">
		<argument index="0" name="name" type="String"/>
		<argument index="1" name="pos" type="int"/>
	</method>
	<method name="get_order" qualifiers="const">
		<return type="int"/>
		<argument index="0" name="name" type="String"/>
	</method>
	<method name="set_persisting">
		<argument index="0" name="name" type="String"/>
		<argument index="1" name="enable" type="bool"/>
	</method>
	<method name="is_persisting" qualifiers="const">
		<return type="bool"/>
		<argument index="0" name="name" type="String"/>
	</method>
	<method name="clear">
		<argument index="0" name="name" type="String"/>
	</method>
	<method name="localize_path" qualifiers="const">
		<return type="String"/>
		<argument index="0" name="path" type="String"/>
	</method>
	<method name="globalize_path" qualifiers="const">
		<return type="String"/>
		<argument index="0" name="path" type="String"/>
	</method>
	<method name="save">
		<return type="int"/>
	</method>
	<method name="has_singleton" qualifiers="const">
		<return type="bool"/>
		<argument index="0" name="name" type="String"/>
	</method>
	<method name="get_singleton" qualifiers="const">
		<return type="Object"/>
		<argument index="0" name="name" type="String"/>
	</method>
	<method name="load_resource_pack">
		<return type="bool"/>
		<argument index="0" name="pack" type="String"/>
	</method>
	<method name="save_custom">
		<return type="int"/>
		<argument index="0" name="file" type="String"/>
	</method>
</methods>