<?xml version="1.0" encoding="UTF-8"?>

<methods name="Input">
	<method name="is_key_pressed">
		<return type="bool"/>
		<argument index="0" name="scancode" type="int"/>
	</method>
	<method name="is_mouse_button_pressed">
		<return type="bool"/>
		<argument index="0" name="button" type="int"/>
	</method>
	<method name="is_joy_button_pressed">
		<return type="bool"/>
		<argument index="0" name="device" type="int"/>
		<argument index="1" name="button" type="int"/>
	</method>
	<method name="is_action_pressed">
		<return type="bool"/>
		<argument index="0" name="action" type="String"/>
	</method>
	<method name="add_joy_mapping">
		<argument index="0" name="mapping" type="String"/>
		<argument default="false" index="1" name="update_existing" type="bool"/>
	</method>
	<method name="remove_joy_mapping">
		<argument index="0" name="guid" type="String"/>
	</method>
	<method name="is_joy_known">
		<return type="bool"/>
		<argument index="0" name="device" type="int"/>
	</method>
	<method name="get_joy_axis">
		<return type="float"/>
		<argument index="0" name="device" type="int"/>
		<argument index="1" name="axis" type="int"/>
	</method>
	<method name="get_joy_name">
		<return type="String"/>
		<argument index="0" name="device" type="int"/>
	</method>
	<method name="get_joy_guid" qualifiers="const">
		<return type="String"/>
		<argument index="0" name="device" type="int"/>
	</method>
	<method name="get_accelerometer">
		<return type="Vector3"/>
	</method>
	<method name="get_mouse_speed" qualifiers="const">
		<return type="Vector2"/>
	</method>
	<method name="get_mouse_button_mask" qualifiers="const">
		<return type="int"/>
	</method>
	<method name="set_mouse_mode">
		<argument index="0" name="mode" type="int"/>
	</method>
	<method name="get_mouse_mode" qualifiers="const">
		<return type="int"/>
	</method>
	<method name="warp_mouse_pos">
		<argument index="0" name="to" type="Vector2"/>
	</method>
	<method name="action_press">
		<argument index="0" name="action" type="String"/>
	</method>
	<method name="action_release">
		<argument index="0" name="action" type="String"/>
	</method>
	<method name="set_custom_mouse_cursor">
		<argument index="0" name="image" type="Texture"/>
		<argument default="Vector2(0,0)" index="1" name="hotspot" type="Vector2"/>
	</method>
</methods>