<?xml version="1.0" encoding="UTF-8"?>

<methods name="InputEvent">
	<method name="is_action">
		<description>Return if this input event matches a pre-defined action, no matter the type.</description>
	</method>
	<method name="is_echo">
		<description>Return if this input event is an echo event (usually for key events).</description>
	</method>
	<method name="is_pressed">
		<description>Return if this input event is pressed (for key, mouse, joy button or screen press events).</description>
	</method>
</methods>