<?xml version="1.0" encoding="UTF-8"?>

<methods name="BitMap">
	<method name="create">
		<argument index="0" name="size" type="Vector2"/>
	</method>
	<method name="create_from_image_alpha">
		<argument index="0" name="image" type="Image"/>
	</method>
	<method name="set_bit">
		<argument index="0" name="pos" type="Vector2"/>
		<argument index="1" name="bit" type="bool"/>
	</method>
	<method name="get_bit" qualifiers="const">
		<return type="bool"/>
		<argument index="0" name="pos" type="Vector2"/>
	</method>
	<method name="set_bit_rect">
		<argument index="0" name="p_rect" type="Rect2"/>
		<argument index="1" name="bit" type="bool"/>
	</method>
	<method name="get_true_bit_count" qualifiers="const">
		<return type="int"/>
	</method>
	<method name="get_size" qualifiers="const">
		<return type="Vector2"/>
	</method>
</methods>