<?xml version="1.0" encoding="UTF-8"?>

<constants name="FixedMaterial">
	<constant name="PARAM_DIFFUSE" value="0"/>
	<constant name="PARAM_DETAIL" value="1"/>
	<constant name="PARAM_SPECULAR" value="2"/>
	<constant name="PARAM_EMISSION" value="3"/>
	<constant name="PARAM_SPECULAR_EXP" value="4"/>
	<constant name="PARAM_GLOW" value="5"/>
	<constant name="PARAM_NORMAL" value="6"/>
	<constant name="PARAM_SHADE_PARAM" value="7"/>
	<constant name="PARAM_MAX" value="8"/>
	<constant name="TEXCOORD_SPHERE" value="3"/>
	<constant name="TEXCOORD_UV" value="0"/>
	<constant name="TEXCOORD_UV_TRANSFORM" value="1"/>
	<constant name="TEXCOORD_UV2" value="2"/>
	<constant name="FLAG_USE_ALPHA" value="0"/>
	<constant name="FLAG_USE_COLOR_ARRAY" value="1"/>
	<constant name="FLAG_USE_POINT_SIZE" value="2"/>
	<constant name="FLAG_DISCARD_ALPHA" value="3"/>
	<constant name="LIGHT_SHADER_LAMBERT" value="0"/>
	<constant name="LIGHT_SHADER_WRAP" value="1"/>
	<constant name="LIGHT_SHADER_VELVET" value="2"/>
	<constant name="LIGHT_SHADER_TOON" value="3"/>
</constants>