<?xml version="1.0" encoding="UTF-8"?>

<methods name="FixedMaterial">
	<method name="set_parameter">
		<argument index="0" name="param" type="int"/>
		<argument index="1" name="value" type="var"/>
	</method>
	<method name="get_parameter" qualifiers="const">
		<argument index="0" name="param" type="int"/>
	</method>
	<method name="set_texture">
		<argument index="0" name="param" type="int"/>
		<argument index="1" name="texture" type="Texture"/>
	</method>
	<method name="get_texture" qualifiers="const">
		<return type="Texture"/>
		<argument index="0" name="param" type="int"/>
	</method>
	<method name="set_texcoord_mode">
		<argument index="0" name="param" type="int"/>
		<argument index="1" name="mode" type="int"/>
	</method>
	<method name="get_texcoord_mode" qualifiers="const">
		<return type="int"/>
		<argument index="0" name="param" type="int"/>
	</method>
	<method name="set_fixed_flag">
		<argument index="0" name="flag" type="int"/>
		<argument index="1" name="value" type="bool"/>
	</method>
	<method name="get_fixed_flag" qualifiers="const">
		<return type="bool"/>
		<argument index="0" name="flag" type="int"/>
	</method>
	<method name="set_uv_transform">
		<argument index="0" name="transform" type="Transform"/>
	</method>
	<method name="get_uv_transform" qualifiers="const">
		<return type="Transform"/>
	</method>
	<method name="set_light_shader">
		<argument index="0" name="shader" type="int"/>
	</method>
	<method name="get_light_shader" qualifiers="const">
		<return type="int"/>
	</method>
	<method name="set_point_size">
		<argument index="0" name="size" type="float"/>
	</method>
	<method name="get_point_size" qualifiers="const">
		<return type="float"/>
	</method>
</methods>