<?xml version="1.0" encoding="UTF-8"?>

<methods name="AnimationTreePlayer">
	<method name="add_node">
		<description>Add a node of a given type in the graph with given id.</description>
	</method>
	<method name="node_exists">
		<description>Check if a node exists (by name).</description>
	</method>
	<method name="node_rename">
		<description>Rename a node in the graph.</description>
	</method>
	<method name="node_get_type">
		<description>Get the node type, will return from NODE_* enum.</description>
	</method>
	<method name="node_get_input_count">
		<description>Return the input count for a given node. Different types of nodes have different amount of inputs.</description>
	</method>
	<method name="node_get_input_source">
		<description>Return the input source for a given node input.</description>
	</method>
	<method name="animation_node_set_animation">
		<description>Set the animation for an animation node.</description>
	</method>
</methods>