<?xml version="1.0" encoding="UTF-8"?>

<methods name="Curve2D">
	<method name="get_point_count">
		<description>Returns the number of points describing the curve.</description>
	</method>
	<method name="add_point">
		<description>Adds a point to a curve, at position &amp;quot;pos&amp;quot;, with control points &amp;quot;in&amp;quot; and &amp;quot;out&amp;quot;.
If &amp;quot;atpos&amp;quot; is given, the point is inserted before the point number &amp;quot;atpos&amp;quot;, moving that point (and every point after) after the inserted point. If &amp;quot;atpos&amp;quot; is not given, or is an illegal value (atpos &amp;lt;0 or atpos &amp;gt;= [method get_point_count]), the point will be appended at the end of the point list.</description>
	</method>
	<method name="set_point_pos">
		<description>Sets the position for the vertex &amp;quot;idx&amp;quot;. If the index is out of bounds, the function sends an error to the console.</description>
	</method>
	<method name="get_point_pos">
		<description>Returns the position of the vertex &amp;quot;idx&amp;quot;. If the index is out of bounds, the function sends an error to the console, and returns (0, 0).</description>
	</method>
	<method name="set_point_in">
		<description>Sets the position of the control point leading to the vertex &amp;quot;idx&amp;quot;. If the index is out of bounds, the function sends an error to the console.</description>
	</method>
	<method name="get_point_in">
		<description>Returns the position of the control point leading to the vertex &amp;quot;idx&amp;quot;. If the index is out of bounds, the function sends an error to the console, and returns (0, 0).</description>
	</method>
	<method name="set_point_out">
		<description>Sets the position of the control point leading out of the vertex &amp;quot;idx&amp;quot;. If the index is out of bounds, the function sends an error to the console.</description>
	</method>
	<method name="get_point_out">
		<description>Returns the position of the control point leading out of the vertex &amp;quot;idx&amp;quot;. If the index is out of bounds, the function sends an error to the console, and returns (0, 0).</description>
	</method>
	<method name="remove_point">
		<description>Deletes the point &amp;quot;idx&amp;quot; from the curve. Sends an error to the console if &amp;quot;idx&amp;quot; is out of bounds.</description>
	</method>
	<method name="interpolate">
		<description>Returns the position between the vertex &amp;quot;idx&amp;quot; and the vertex &amp;quot;idx&amp;quot;+1, where &amp;quot;t&amp;quot; controls if the point is the first vertex (t = 0.0), the last vertex (t = 1.0), or in between. Values of &amp;quot;t&amp;quot; outside the range (0.0 &amp;gt;= t  &amp;lt;=1) give strange, but predictable results.
If &amp;quot;idx&amp;quot; is out of bounds it is truncated to the first or last vertex, and &amp;quot;t&amp;quot; is ignored. If the curve has no points, the function sends an error to the console, and returns (0, 0).</description>
	</method>
	<method name="interpolatef">
		<description>Returns the position at the vertex &amp;quot;fofs&amp;quot;. It calls [method interpolate] using the integer part of fofs as &amp;quot;idx&amp;quot;, and its fractional part as &amp;quot;t&amp;quot;.</description>
	</method>
	<method name="set_bake_interval">
		<description>Sets the distance in pixels between two adjacent cached points. Changing it forces the cache to be recomputed the next time a xxx_baked_xxx function is called. The less distance, the more points the cache will have, and the more memory it will consume, so use with care.</description>
	</method>
	<method name="get_bake_interval">
		<description>Returns the distance between two adjacent cached points.</description>
	</method>
	<method name="get_baked_length">
		<description>Returns the total length of the curve, based on the cached points. Given enough density (see [method set_bake_interval]), it should be approximate enough.</description>
	</method>
	<method name="interpolate_baked">
		<description>Returns a point within the curve at position &amp;quot;offset&amp;quot;, where &amp;quot;offset&amp;quot; is measured as a pixel distance along the curve.
To do that, it finds the two cached points where the &amp;quot;offset&amp;quot; lies between, then interpolates the values. This interpolation is cubic if &amp;quot;cubic&amp;quot; is set to true, or linear if set to false.
Cubic interpolation tends to follow the curves better, but linear is faster (and often, precise enough).</description>
	</method>
	<method name="get_baked_points">
		<description>Returns the cache of points as a [Vector2Array].</description>
	</method>
	<method name="tesselate">
		<description>Returns a list of points along the curve, with a curvature controlled point density. That is, the curvier parts will have more points than the straighter parts.
This approximation makes straight segments between each point, then subdivides those segments until the resulting shape is similar enough.
&amp;quot;max_stages&amp;quot; controls how many subdivisions a curve segment may face before it is considered approximate enough. Each subdivision splits the segment in half, so the default 5 stages may mean up to 32 subdivisions per curve segment. Increase with care!
&amp;quot;tolerance_degrees&amp;quot; controls how many degrees the midpoint of a segment may deviate from the real curve, before the segment has to be subdivided.</description>
	</method>
</methods>