<?xml version="1.0" encoding="UTF-8"?>

<methods name="Camera2D">
	<method name="set_offset">
		<description>Set the scroll offset. Useful for looking around or camera shake animations.</description>
	</method>
	<method name="get_offset">
		<description>Return the scroll offset.</description>
	</method>
	<method name="make_current">
		<description>Make this the current 2D camera for the scene (viewport and layer), in case there&amp;apo;s many cameras in the scene.</description>
	</method>
	<method name="is_current">
		<description>Return true of this is the current camera (see [method Camera2D.make_current]).</description>
	</method>
	<method name="set_limit">
		<description>Set the scrolling limit in pixels.</description>
	</method>
	<method name="get_limit">
		<description>Return the scrolling limit in pixels.</description>
	</method>
	<method name="set_drag_margin">
		<description>Set the margins needed to drag the camera (relative to the screen size). Margin uses the MARGIN_* enum. Drag margins of 0,0,0,0 will keep the camera at the center of the screen, while drag margins of 1,1,1,1 will only move when the camera is at the edges.</description>
	</method>
	<method name="get_drag_margin">
		<description>Return the margins needed to drag the camera (see [method set_drag_margin]).</description>
	</method>
	<method name="get_camera_pos">
		<description>Return the camera position.</description>
	</method>
	<method name="force_update_scroll">
		<description>Force the camera to update scroll immediately.</description>
	</method>
</methods>