<?xml version="1.0" encoding="UTF-8"?>

<constants name="Generic6DOFJoint">
	<constant name="PARAM_LINEAR_LOWER_LIMIT" value="0"/>
	<constant name="PARAM_LINEAR_UPPER_LIMIT" value="1"/>
	<constant name="PARAM_LINEAR_LIMIT_SOFTNESS" value="2"/>
	<constant name="PARAM_LINEAR_RESTITUTION" value="3"/>
	<constant name="PARAM_LINEAR_DAMPING" value="4"/>
	<constant name="PARAM_ANGULAR_LOWER_LIMIT" value="5"/>
	<constant name="PARAM_ANGULAR_UPPER_LIMIT" value="6"/>
	<constant name="PARAM_ANGULAR_LIMIT_SOFTNESS" value="7"/>
	<constant name="PARAM_ANGULAR_DAMPING" value="8"/>
	<constant name="PARAM_ANGULAR_RESTITUTION" value="9"/>
	<constant name="PARAM_ANGULAR_FORCE_LIMIT" value="10"/>
	<constant name="PARAM_ANGULAR_ERP" value="11"/>
	<constant name="PARAM_ANGULAR_MOTOR_TARGET_VELOCITY" value="12"/>
	<constant name="PARAM_ANGULAR_MOTOR_FORCE_LIMIT" value="13"/>
	<constant name="PARAM_MAX" value="14"/>
	<constant name="FLAG_ENABLE_LINEAR_LIMIT" value="0"/>
	<constant name="FLAG_ENABLE_ANGULAR_LIMIT" value="1"/>
	<constant name="FLAG_ENABLE_MOTOR" value="2"/>
	<constant name="FLAG_MAX" value="3"/>
</constants>