<?xml version="1.0" encoding="UTF-8"?>

<methods name="Generic6DOFJoint">
	<method name="set_param_x">
		<argument index="0" name="param" type="int"/>
		<argument index="1" name="value" type="float"/>
	</method>
	<method name="get_param_x" qualifiers="const">
		<return type="float"/>
		<argument index="0" name="param" type="int"/>
	</method>
	<method name="set_param_y">
		<argument index="0" name="param" type="int"/>
		<argument index="1" name="value" type="float"/>
	</method>
	<method name="get_param_y" qualifiers="const">
		<return type="float"/>
		<argument index="0" name="param" type="int"/>
	</method>
	<method name="set_param_z">
		<argument index="0" name="param" type="int"/>
		<argument index="1" name="value" type="float"/>
	</method>
	<method name="get_param_z" qualifiers="const">
		<return type="float"/>
		<argument index="0" name="param" type="int"/>
	</method>
	<method name="set_flag_x">
		<argument index="0" name="flag" type="int"/>
		<argument index="1" name="value" type="bool"/>
	</method>
	<method name="get_flag_x" qualifiers="const">
		<return type="bool"/>
		<argument index="0" name="flag" type="int"/>
	</method>
	<method name="set_flag_y">
		<argument index="0" name="flag" type="int"/>
		<argument index="1" name="value" type="bool"/>
	</method>
	<method name="get_flag_y" qualifiers="const">
		<return type="bool"/>
		<argument index="0" name="flag" type="int"/>
	</method>
	<method name="set_flag_z">
		<argument index="0" name="flag" type="int"/>
		<argument index="1" name="value" type="bool"/>
	</method>
	<method name="get_flag_z" qualifiers="const">
		<return type="bool"/>
		<argument index="0" name="flag" type="int"/>
	</method>
</methods>