<?xml version="1.0" encoding="UTF-8"?>

<constants name="Animation">
	<constant name="TYPE_VALUE">Value tracks set values in node properties, but only those which can be Interpolated.</constant>
	<constant name="TYPE_TRANSFORM">Transform tracks are used to change node local transforms or skeleton pose bones. Transitions are Interpolated.</constant>
	<constant name="TYPE_METHOD">Method tracks call functions with given arguments per key.</constant>
	<constant name="INTERPOLATION_NEAREST">No interpolation (nearest value).</constant>
	<constant name="INTERPOLATION_LINEAR">Linear interpolation.</constant>
	<constant name="INTERPOLATION_CUBIC">Cubic interpolation.</constant>
</constants>