<?xml version="1.0" encoding="UTF-8"?>

<methods name="Animation">
	<method name="add_track">
		<description>Add a track to the Animation. The track type must be specified as any of the values in te TYPE_* enumeration.</description>
	</method>
	<method name="remove_track">
		<description>Remove a track by specifying the track index.</description>
	</method>
	<method name="get_track_count">
		<description>Return the amount of tracks in the animation.</description>
	</method>
	<method name="track_get_type">
		<description>Get the type of a track.</description>
	</method>
	<method name="track_get_path">
		<description>Get the path of a track. for more information on the path format, see [method track_set_path]</description>
	</method>
	<method name="track_set_path">
		<description>Set the path of a track. Paths must be valid scene-tree paths to a node, and must be specified starting from the parent node of the node that will reproduce the animation. Tracks that control properties or bones must append their name after the path, separated by &amp;quot;:&amp;quot;. Example: &amp;quot;character/skeleton:ankle&amp;quot; or &amp;quot;character/mesh:transform/local&amp;quot;</description>
	</method>
	<method name="track_move_up">
		<description>Move a track up.</description>
	</method>
	<method name="track_move_down">
		<description>Nove a track down.</description>
	</method>
	<method name="transform_track_insert_key">
		<description>Insert a transform key for a transform track.</description>
	</method>
	<method name="track_insert_key">
		<description>Insert a generic key in a given track.</description>
	</method>
	<method name="track_remove_key">
		<description>Remove a key by index in a given track.</description>
	</method>
	<method name="track_remove_key_at_pos">
		<description>Remove a key by position (seconds) in a given track.</description>
	</method>
	<method name="track_set_key_value">
		<description>Set the value of an existing key.</description>
	</method>
	<method name="track_set_key_transition">
		<description>Set the transition curve (easing) for a specific key (see built-in math function &amp;quot;ease&amp;quot;).</description>
	</method>
	<method name="track_get_key_transition">
		<description>Return the transition curve (easing) for a specific key (see built-in math function &amp;quot;ease&amp;quot;).</description>
	</method>
	<method name="track_get_key_count">
		<description>Return the amount of keys in a given track.</description>
	</method>
	<method name="track_get_key_value">
		<description>Return the value of a given key in a given track.</description>
	</method>
	<method name="track_get_key_time">
		<description>Return the time at which the key is located.</description>
	</method>
	<method name="track_find_key">
		<description>Find the key index by time in a given track. Optionally, only find it if the exact time is given.</description>
	</method>
	<method name="track_set_interpolation_type">
		<description>Set the interpolation type of a given track, from the INTERPOLATION_* enum.</description>
	</method>
	<method name="track_get_interpolation_type">
		<description>Return the interpolation type of a given track, from the INTERPOLATION_* enum.</description>
	</method>
	<method name="transform_track_interpolate">
		<description>Return the interpolated value of a transform track at a given time (in seconds). An array consisting of 3 elements: position ([Vector3]), rotation ([Quat]) and scale ([Vector3]).</description>
	</method>
	<method name="value_track_set_continuous">
		<description>Enable or disable interpolation for a whole track. By default tracks are interpolated.</description>
	</method>
	<method name="value_track_is_continuous">
		<description>Return wether interpolation is enabled or disabled for a whole track. By default tracks are interpolated.</description>
	</method>
	<method name="value_track_get_key_indices">
		<description>Return all the key indices of a value track, given a position and delta time.</description>
	</method>
	<method name="method_track_get_key_indices">
		<description>Return all the key indices of a method track, given a position and delta time.</description>
	</method>
	<method name="method_track_get_name">
		<description>Return the method name of a method track.</description>
	</method>
	<method name="method_track_get_params">
		<description>Return the arguments values to be called on a method track for a given key in a given track.</description>
	</method>
	<method name="set_length">
		<description>Set the total length of the animation (in seconds). Note that length is not delimited by the last key, as this one may be before or after the end to ensure correct interpolation and looping.</description>
	</method>
	<method name="get_length">
		<description>Return the total length of the animation (in seconds).</description>
	</method>
	<method name="set_loop">
		<description>Set a flag indicating that the animation must loop. This is uses for correct interpolation of animation cycles, and for hinting the player that it must restart the animation.</description>
	</method>
	<method name="has_loop">
		<description>Return wether the animation has the loop flag set.</description>
	</method>
	<method name="clear">
		<description>Clear the animation (clear all tracks and reset all).</description>
	</method>
</methods>