<?xml version="1.0" encoding="UTF-8"?>

<constants name="CubeMap">
	<constant name="STORAGE_RAW" value="0"/>
	<constant name="STORAGE_COMPRESS_LOSSY" value="1"/>
	<constant name="STORAGE_COMPRESS_LOSSLESS" value="2"/>
	<constant name="SIDE_LEFT" value="0"/>
	<constant name="SIDE_RIGHT" value="1"/>
	<constant name="SIDE_BOTTOM" value="2"/>
	<constant name="SIDE_TOP" value="3"/>
	<constant name="SIDE_FRONT" value="4"/>
	<constant name="SIDE_BACK" value="5"/>
	<constant name="FLAG_MIPMAPS" value="1"/>
	<constant name="FLAG_REPEAT" value="2"/>
	<constant name="FLAG_FILTER" value="4"/>
	<constant name="FLAGS_DEFAULT" value="7"/>
</constants>