<?xml version="1.0" encoding="UTF-8"?>

<methods name="CubeMap">
	<method name="get_width" qualifiers="const">
		<return type="int"/>
	</method>
	<method name="get_height" qualifiers="const">
		<return type="int"/>
	</method>
	<method name="get_rid" qualifiers="const">
		<return type="RID"/>
	</method>
	<method name="set_flags">
		<argument index="0" name="flags" type="int"/>
	</method>
	<method name="get_flags" qualifiers="const">
		<return type="int"/>
	</method>
	<method name="set_side">
		<argument index="0" name="side" type="int"/>
		<argument index="1" name="image" type="Image"/>
	</method>
	<method name="get_side" qualifiers="const">
		<return type="Image"/>
		<argument index="0" name="side" type="int"/>
	</method>
	<method name="set_storage">
		<argument index="0" name="mode" type="int"/>
	</method>
	<method name="get_storage" qualifiers="const">
		<return type="int"/>
	</method>
	<method name="set_lossy_storage_quality">
		<argument index="0" name="quality" type="float"/>
	</method>
	<method name="get_lossy_storage_quality" qualifiers="const">
		<return type="float"/>
	</method>
</methods>