<?xml version="1.0" encoding="UTF-8"?>

<constants name="Environment">
	<constant name="BG_KEEP" value="0"/>
	<constant name="BG_DEFAULT_COLOR" value="1"/>
	<constant name="BG_COLOR" value="2"/>
	<constant name="BG_TEXTURE" value="3"/>
	<constant name="BG_CUBEMAP" value="4"/>
	<constant name="BG_CANVAS" value="5"/>
	<constant name="BG_MAX" value="6"/>
	<constant name="BG_PARAM_CANVAS_MAX_LAYER" value="0"/>
	<constant name="BG_PARAM_COLOR" value="1"/>
	<constant name="BG_PARAM_TEXTURE" value="2"/>
	<constant name="BG_PARAM_CUBEMAP" value="3"/>
	<constant name="BG_PARAM_ENERGY" value="4"/>
	<constant name="BG_PARAM_GLOW" value="6"/>
	<constant name="BG_PARAM_MAX" value="7"/>
	<constant name="FX_AMBIENT_LIGHT" value="0"/>
	<constant name="FX_FXAA" value="1"/>
	<constant name="FX_GLOW" value="2"/>
	<constant name="FX_DOF_BLUR" value="3"/>
	<constant name="FX_HDR" value="4"/>
	<constant name="FX_FOG" value="5"/>
	<constant name="FX_BCS" value="6"/>
	<constant name="FX_SRGB" value="7"/>
	<constant name="FX_MAX" value="8"/>
	<constant name="FX_BLUR_BLEND_MODE_ADDITIVE" value="0"/>
	<constant name="FX_BLUR_BLEND_MODE_SCREEN" value="1"/>
	<constant name="FX_BLUR_BLEND_MODE_SOFTLIGHT" value="2"/>
	<constant name="FX_HDR_TONE_MAPPER_LINEAR" value="0"/>
	<constant name="FX_HDR_TONE_MAPPER_LOG" value="1"/>
	<constant name="FX_HDR_TONE_MAPPER_REINHARDT" value="2"/>
	<constant name="FX_HDR_TONE_MAPPER_REINHARDT_AUTOWHITE" value="3"/>
	<constant name="FX_PARAM_AMBIENT_LIGHT_COLOR" value="0"/>
	<constant name="FX_PARAM_AMBIENT_LIGHT_ENERGY" value="1"/>
	<constant name="FX_PARAM_GLOW_BLUR_PASSES" value="2"/>
	<constant name="FX_PARAM_GLOW_BLUR_SCALE" value="3"/>
	<constant name="FX_PARAM_GLOW_BLUR_STRENGTH" value="4"/>
	<constant name="FX_PARAM_GLOW_BLUR_BLEND_MODE" value="5"/>
	<constant name="FX_PARAM_GLOW_BLOOM" value="6"/>
	<constant name="FX_PARAM_GLOW_BLOOM_TRESHOLD" value="7"/>
	<constant name="FX_PARAM_DOF_BLUR_PASSES" value="8"/>
	<constant name="FX_PARAM_DOF_BLUR_BEGIN" value="9"/>
	<constant name="FX_PARAM_DOF_BLUR_RANGE" value="10"/>
	<constant name="FX_PARAM_HDR_TONEMAPPER" value="11"/>
	<constant name="FX_PARAM_HDR_EXPOSURE" value="12"/>
	<constant name="FX_PARAM_HDR_WHITE" value="13"/>
	<constant name="FX_PARAM_HDR_GLOW_TRESHOLD" value="14"/>
	<constant name="FX_PARAM_HDR_GLOW_SCALE" value="15"/>
	<constant name="FX_PARAM_HDR_MIN_LUMINANCE" value="16"/>
	<constant name="FX_PARAM_HDR_MAX_LUMINANCE" value="17"/>
	<constant name="FX_PARAM_HDR_EXPOSURE_ADJUST_SPEED" value="18"/>
	<constant name="FX_PARAM_FOG_BEGIN" value="19"/>
	<constant name="FX_PARAM_FOG_ATTENUATION" value="22"/>
	<constant name="FX_PARAM_FOG_BEGIN_COLOR" value="20"/>
	<constant name="FX_PARAM_FOG_END_COLOR" value="21"/>
	<constant name="FX_PARAM_FOG_BG" value="23"/>
	<constant name="FX_PARAM_BCS_BRIGHTNESS" value="24"/>
	<constant name="FX_PARAM_BCS_CONTRAST" value="25"/>
	<constant name="FX_PARAM_BCS_SATURATION" value="26"/>
	<constant name="FX_PARAM_MAX" value="27"/>
</constants>