<?xml version="1.0" encoding="UTF-8"?>

<methods name="Environment">
	<method name="set_background">
		<argument index="0" name="bgmode" type="int"/>
	</method>
	<method name="get_background" qualifiers="const">
		<return type="int"/>
	</method>
	<method name="set_background_param">
		<argument index="0" name="param" type="int"/>
		<argument index="1" name="value" type="var"/>
	</method>
	<method name="get_background_param" qualifiers="const">
		<argument index="0" name="param" type="int"/>
	</method>
	<method name="set_enable_fx">
		<argument index="0" name="effect" type="int"/>
		<argument index="1" name="enabled" type="bool"/>
	</method>
	<method name="is_fx_enabled" qualifiers="const">
		<return type="bool"/>
		<argument index="0" name="effect" type="int"/>
	</method>
	<method name="fx_set_param">
		<argument index="0" name="param" type="int"/>
		<argument index="1" name="value" type="var"/>
	</method>
	<method name="fx_get_param" qualifiers="const">
		<argument index="0" name="param" type="int"/>
	</method>
</methods>