<?xml version="1.0" encoding="UTF-8"?>

<methods name="GraphNode">
	<method name="set_title">
		<argument index="0" name="title" type="String"/>
	</method>
	<method name="get_title" qualifiers="const">
		<return type="String"/>
	</method>
	<method name="set_slot">
		<argument index="0" name="idx" type="int"/>
		<argument index="1" name="enable_left" type="bool"/>
		<argument index="2" name="type_left" type="int"/>
		<argument index="3" name="color_left" type="Color"/>
		<argument index="4" name="enable_right" type="bool"/>
		<argument index="5" name="type_right" type="int"/>
		<argument index="6" name="color_right" type="Color"/>
	</method>
	<method name="clear_slot">
		<argument index="0" name="idx" type="int"/>
	</method>
	<method name="clear_all_slots"/>
	<method name="is_slot_enabled_left" qualifiers="const">
		<return type="bool"/>
		<argument index="0" name="idx" type="int"/>
	</method>
	<method name="get_slot_type_left" qualifiers="const">
		<return type="int"/>
		<argument index="0" name="idx" type="int"/>
	</method>
	<method name="get_slot_color_left" qualifiers="const">
		<return type="Color"/>
		<argument index="0" name="idx" type="int"/>
	</method>
	<method name="is_slot_enabled_right" qualifiers="const">
		<return type="bool"/>
		<argument index="0" name="idx" type="int"/>
	</method>
	<method name="get_slot_type_right" qualifiers="const">
		<return type="int"/>
		<argument index="0" name="idx" type="int"/>
	</method>
	<method name="get_slot_color_right" qualifiers="const">
		<return type="Color"/>
		<argument index="0" name="idx" type="int"/>
	</method>
	<method name="set_offset">
		<argument index="0" name="offset" type="Vector2"/>
	</method>
	<method name="get_offset" qualifiers="const">
		<return type="Vector2"/>
	</method>
	<method name="get_connection_output_count">
		<return type="int"/>
	</method>
	<method name="get_connection_input_count">
		<return type="int"/>
	</method>
	<method name="get_connection_output_pos">
		<return type="Vector2"/>
		<argument index="0" name="idx" type="int"/>
	</method>
	<method name="get_connection_output_type">
		<return type="int"/>
		<argument index="0" name="idx" type="int"/>
	</method>
	<method name="get_connection_output_color">
		<return type="Color"/>
		<argument index="0" name="idx" type="int"/>
	</method>
	<method name="get_connection_input_pos">
		<return type="Vector2"/>
		<argument index="0" name="idx" type="int"/>
	</method>
	<method name="get_connection_input_type">
		<return type="int"/>
		<argument index="0" name="idx" type="int"/>
	</method>
	<method name="get_connection_input_color">
		<return type="Color"/>
		<argument index="0" name="idx" type="int"/>
	</method>
	<method name="set_show_close_button">
		<argument index="0" name="show" type="bool"/>
	</method>
	<method name="is_close_button_visible" qualifiers="const">
		<return type="bool"/>
	</method>
</methods>