<?xml version="1.0" encoding="UTF-8"?>

<theme_items name="GraphNode">
	<theme_item name="port_offset" type="int"/>
	<theme_item name="close_offset" type="int"/>
	<theme_item name="separation" type="int"/>
	<theme_item name="title_offset" type="int"/>
	<theme_item name="title_color" type="Color"/>
	<theme_item name="port" type="Texture"/>
	<theme_item name="close" type="Texture"/>
	<theme_item name="title_font" type="Font"/>
	<theme_item name="frame" type="StyleBox"/>
	<theme_item name="selectedframe" type="StyleBox"/>
	<theme_item name="defaultfocus" type="StyleBox"/>
	<theme_item name="defaultframe" type="StyleBox"/>
</theme_items>