<?xml version="1.0" encoding="UTF-8"?>

<methods name="BakedLight">
	<method name="set_mode">
		<argument index="0" name="mode" type="int"/>
	</method>
	<method name="get_mode" qualifiers="const">
		<return type="int"/>
	</method>
	<method name="set_octree">
		<argument index="0" name="octree" type="RawArray"/>
	</method>
	<method name="get_octree" qualifiers="const">
		<return type="RawArray"/>
	</method>
	<method name="set_light">
		<argument index="0" name="light" type="RawArray"/>
	</method>
	<method name="get_light" qualifiers="const">
		<return type="RawArray"/>
	</method>
	<method name="set_sampler_octree">
		<argument index="0" name="sampler_octree" type="IntArray"/>
	</method>
	<method name="get_sampler_octree" qualifiers="const">
		<return type="IntArray"/>
	</method>
	<method name="add_lightmap">
		<argument index="0" name="texture" type="Texture"/>
		<argument index="1" name="gen_size" type="Vector2"/>
	</method>
	<method name="erase_lightmap">
		<argument index="0" name="id" type="int"/>
	</method>
	<method name="clear_lightmaps"/>
	<method name="set_cell_subdivision">
		<argument index="0" name="cell_subdivision" type="int"/>
	</method>
	<method name="get_cell_subdivision" qualifiers="const">
		<return type="int"/>
	</method>
	<method name="set_initial_lattice_subdiv">
		<argument index="0" name="cell_subdivision" type="int"/>
	</method>
	<method name="get_initial_lattice_subdiv" qualifiers="const">
		<return type="int"/>
	</method>
	<method name="set_plot_size">
		<argument index="0" name="plot_size" type="float"/>
	</method>
	<method name="get_plot_size" qualifiers="const">
		<return type="float"/>
	</method>
	<method name="set_bounces">
		<argument index="0" name="bounces" type="int"/>
	</method>
	<method name="get_bounces" qualifiers="const">
		<return type="int"/>
	</method>
	<method name="set_cell_extra_margin">
		<argument index="0" name="cell_extra_margin" type="float"/>
	</method>
	<method name="get_cell_extra_margin" qualifiers="const">
		<return type="float"/>
	</method>
	<method name="set_edge_damp">
		<argument index="0" name="edge_damp" type="float"/>
	</method>
	<method name="get_edge_damp" qualifiers="const">
		<return type="float"/>
	</method>
	<method name="set_normal_damp">
		<argument index="0" name="normal_damp" type="float"/>
	</method>
	<method name="get_normal_damp" qualifiers="const">
		<return type="float"/>
	</method>
	<method name="set_tint">
		<argument index="0" name="tint" type="float"/>
	</method>
	<method name="get_tint" qualifiers="const">
		<return type="float"/>
	</method>
	<method name="set_saturation">
		<argument index="0" name="saturation" type="float"/>
	</method>
	<method name="get_saturation" qualifiers="const">
		<return type="float"/>
	</method>
	<method name="set_ao_radius">
		<argument index="0" name="ao_radius" type="float"/>
	</method>
	<method name="get_ao_radius" qualifiers="const">
		<return type="float"/>
	</method>
	<method name="set_ao_strength">
		<argument index="0" name="ao_strength" type="float"/>
	</method>
	<method name="get_ao_strength" qualifiers="const">
		<return type="float"/>
	</method>
	<method name="set_format">
		<argument index="0" name="format" type="int"/>
	</method>
	<method name="get_format" qualifiers="const">
		<return type="int"/>
	</method>
	<method name="set_transfer_lightmaps_only_to_uv2">
		<argument index="0" name="enable" type="bool"/>
	</method>
	<method name="get_transfer_lightmaps_only_to_uv2" qualifiers="const">
		<return type="bool"/>
	</method>
	<method name="set_energy_multiplier">
		<argument index="0" name="energy_multiplier" type="float"/>
	</method>
	<method name="get_energy_multiplier" qualifiers="const">
		<return type="float"/>
	</method>
	<method name="set_gamma_adjust">
		<argument index="0" name="gamma_adjust" type="float"/>
	</method>
	<method name="get_gamma_adjust" qualifiers="const">
		<return type="float"/>
	</method>
	<method name="set_bake_flag">
		<argument index="0" name="flag" type="int"/>
		<argument index="1" name="enabled" type="bool"/>
	</method>
	<method name="get_bake_flag" qualifiers="const">
		<return type="bool"/>
		<argument index="0" name="flag" type="int"/>
	</method>
</methods>