<?xml version="1.0" encoding="UTF-8"?>

<methods name="CanvasItemMaterial">
	<method name="set_shader">
		<argument index="0" name="shader" type="Shader"/>
	</method>
	<method name="get_shader" qualifiers="const">
		<return type="Shader"/>
	</method>
	<method name="set_shader_param">
		<argument index="0" name="param" type="String"/>
		<argument index="1" name="value" type="var"/>
	</method>
	<method name="get_shader_param" qualifiers="const">
		<argument index="0" name="param" type="String"/>
	</method>
	<method name="set_shading_mode">
		<argument index="0" name="mode" type="int"/>
	</method>
	<method name="get_shading_mode" qualifiers="const">
		<return type="int"/>
	</method>
</methods>