<?xml version="1.0" encoding="UTF-8"?>

<methods name="Array">
	<method name="append">
		<description>Append an element at the end of the array (alias of [method push_back]).</description>
	</method>
	<method name="clear">
		<description>Clear the array (resize to 0).</description>
	</method>
	<method name="empty">
		<description>Return true if the array is empty (size==0).</description>
	</method>
	<method name="erase">
		<description>Remove the first occurence of a value from the array.</description>
	</method>
	<method name="find">
		<description>Searches the array for a value and returns its index or -1 if not found.</description>
	</method>
	<method name="hash">
		<description>Return a hashed integer value representing the array contents.</description>
	</method>
	<method name="insert">
		<description>Insert a new element at a given position in the array. The position must be valid, or at the end of the array (pos==size()).</description>
	</method>
	<method name="invert">
		<description>Reverse the order of the elements in the array (so first element will now be the last).</description>
	</method>
	<method name="is_shared">
		<description>Get whether this is a shared array instance.</description>
	</method>
	<method name="push_back">
		<description>Append an element at the end of the array.</description>
	</method>
	<method name="remove">
		<description>Remove an element from the array by index.</description>
	</method>
	<method name="resize">
		<description>Resize the array to contain a different number of elements. If the array size is smaller, elements are cleared, if bigger, new elements are Null.</description>
	</method>
	<method name="size">
		<description>Return the amount of elements in the array.</description>
	</method>
	<method name="sort">
		<description>Sort the array using natural order.</description>
	</method>
	<method name="sort_custom">
		<description>Sort the array using a custom method. The arguments are an object that holds the method and the name of such method. The custom method receives two arguments (a pair of elements from the array) and must return true if the first argument is less than the second, and return false otherwise.</description>
	</method>
	<method name="Array">
		<description>Construct an array from a [RawArray].</description>
	</method>
	<method name="Array">
		<description>Construct an array from a [RawArray].</description>
	</method>
	<method name="Array">
		<description>Construct an array from a [RawArray].</description>
	</method>
	<method name="Array">
		<description>Construct an array from a [RawArray].</description>
	</method>
	<method name="Array">
		<description>Construct an array from a [RawArray].</description>
	</method>
	<method name="Array">
		<description>Construct an array from a [RawArray].</description>
	</method>
	<method name="Array">
		<description>Construct an array from a [RawArray].</description>
	</method>
</methods>