<?xml version="1.0" encoding="UTF-8"?>

<methods name="Directory">
	<method name="open">
		<return type="Error"/>
		<argument index="0" name="path" type="String"/>
	</method>
	<method name="list_dir_begin">
		<return type="bool"/>
	</method>
	<method name="get_next">
		<return type="String"/>
	</method>
	<method name="current_is_dir" qualifiers="const">
		<return type="bool"/>
	</method>
	<method name="list_dir_end"/>
	<method name="get_drive_count">
		<return type="int"/>
	</method>
	<method name="get_drive">
		<return type="String"/>
		<argument index="0" name="idx" type="int"/>
	</method>
	<method name="change_dir">
		<return type="Error"/>
		<argument index="0" name="todir" type="String"/>
	</method>
	<method name="get_current_dir">
		<return type="String"/>
	</method>
	<method name="make_dir">
		<return type="Error"/>
		<argument index="0" name="name" type="String"/>
	</method>
	<method name="make_dir_recursive">
		<return type="Error"/>
		<argument index="0" name="name" type="String"/>
	</method>
	<method name="file_exists">
		<return type="bool"/>
		<argument index="0" name="name" type="String"/>
	</method>
	<method name="dir_exists">
		<return type="bool"/>
		<argument index="0" name="name" type="String"/>
	</method>
	<method name="get_space_left">
		<return type="int"/>
	</method>
	<method name="copy">
		<return type="Error"/>
		<argument index="0" name="from" type="String"/>
		<argument index="1" name="to" type="String"/>
	</method>
	<method name="rename">
		<return type="Error"/>
		<argument index="0" name="from" type="String"/>
		<argument index="1" name="to" type="String"/>
	</method>
	<method name="remove">
		<return type="Error"/>
		<argument index="0" name="file" type="String"/>
	</method>
</methods>