<?xml version="1.0" encoding="UTF-8"?>

<methods name="EditorPlugin">
	<method name="apply_changes" qualifiers="virtual"/>
	<method name="clear" qualifiers="virtual"/>
	<method name="edit" qualifiers="virtual">
		<argument index="0" name="object" type="Object"/>
	</method>
	<method name="forward_input_event" qualifiers="virtual">
		<return type="bool"/>
		<argument index="0" name="event" type="InputEvent"/>
	</method>
	<method name="forward_spatial_input_event" qualifiers="virtual">
		<return type="bool"/>
		<argument index="0" name="camera" type="Camera"/>
		<argument index="1" name="event" type="InputEvent"/>
	</method>
	<method name="get_breakpoints" qualifiers="virtual">
		<return type="StringArray"/>
	</method>
	<method name="get_name" qualifiers="virtual">
		<return type="String"/>
	</method>
	<method name="get_state" qualifiers="virtual">
		<return type="Dictionary"/>
	</method>
	<method name="handles" qualifiers="virtual">
		<return type="bool"/>
		<argument index="0" name="object" type="Object"/>
	</method>
	<method name="has_main_screen" qualifiers="virtual">
		<return type="bool"/>
	</method>
	<method name="make_visible" qualifiers="virtual">
		<argument index="0" name="visible" type="bool"/>
	</method>
	<method name="set_state" qualifiers="virtual">
		<argument index="0" name="state" type="Dictionary"/>
	</method>
	<method name="get_undo_redo">
		<return type="Object"/>
	</method>
	<method name="add_custom_control">
		<argument index="0" name="container" type="int"/>
		<argument index="1" name="control" type="Object"/>
	</method>
	<method name="add_custom_type">
		<argument index="0" name="type" type="String"/>
		<argument index="1" name="base" type="String"/>
		<argument index="2" name="script" type="Script"/>
		<argument index="3" name="icon" type="Texture"/>
	</method>
	<method name="remove_custom_type">
		<argument index="0" name="type" type="String"/>
	</method>
</methods>