<?xml version="1.0" encoding="UTF-8"?>

<methods name="AnimationPlayer">
	<method name="add_animation">
		<return type="int"/>
		<argument index="0" name="name" type="String"/>
		<argument index="1" name="animation" type="Animation"/>
	</method>
	<method name="remove_animation">
		<argument index="0" name="name" type="String"/>
	</method>
	<method name="rename_animation">
		<argument index="0" name="name" type="String"/>
		<argument index="1" name="newname" type="String"/>
	</method>
	<method name="has_animation" qualifiers="const">
		<return type="bool"/>
		<argument index="0" name="name" type="String"/>
	</method>
	<method name="get_animation" qualifiers="const">
		<return type="Animation"/>
		<argument index="0" name="name" type="String"/>
	</method>
	<method name="get_animation_list" qualifiers="const">
		<return type="StringArray"/>
	</method>
	<method name="set_blend_time">
		<argument index="0" name="anim_from" type="String"/>
		<argument index="1" name="anim_to" type="String"/>
		<argument index="2" name="sec" type="float"/>
	</method>
	<method name="get_blend_time" qualifiers="const">
		<return type="float"/>
		<argument index="0" name="anim_from" type="String"/>
		<argument index="1" name="anim_to" type="String"/>
	</method>
	<method name="set_default_blend_time">
		<argument index="0" name="sec" type="float"/>
	</method>
	<method name="get_default_blend_time" qualifiers="const">
		<return type="float"/>
	</method>
	<method name="play">
		<argument default="&amp;quot;&amp;quot;" index="0" name="name" type="String"/>
		<argument default="-1" index="1" name="custom_blend" type="float"/>
		<argument default="1" index="2" name="custom_speed" type="float"/>
		<argument default="false" index="3" name="from_end" type="bool"/>
	</method>
	<method name="play_backwards">
		<argument default="&amp;quot;&amp;quot;" index="0" name="name" type="String"/>
		<argument default="-1" index="1" name="custom_blend" type="float"/>
	</method>
	<method name="stop">
		<argument default="true" index="0" name="reset" type="bool"/>
	</method>
	<method name="stop_all"/>
	<method name="is_playing" qualifiers="const">
		<return type="bool"/>
	</method>
	<method name="set_current_animation">
		<argument index="0" name="anim" type="String"/>
	</method>
	<method name="get_current_animation" qualifiers="const">
		<return type="String"/>
	</method>
	<method name="queue">
		<argument index="0" name="name" type="String"/>
	</method>
	<method name="clear_queue"/>
	<method name="set_active">
		<argument index="0" name="active" type="bool"/>
	</method>
	<method name="is_active" qualifiers="const">
		<return type="bool"/>
	</method>
	<method name="set_speed">
		<argument index="0" name="speed" type="float"/>
	</method>
	<method name="get_speed" qualifiers="const">
		<return type="float"/>
	</method>
	<method name="set_autoplay">
		<argument index="0" name="name" type="String"/>
	</method>
	<method name="get_autoplay" qualifiers="const">
		<return type="String"/>
	</method>
	<method name="set_root">
		<argument index="0" name="path" type="NodePath"/>
	</method>
	<method name="get_root" qualifiers="const">
		<return type="NodePath"/>
	</method>
	<method name="seek">
		<argument index="0" name="pos_sec" type="float"/>
		<argument default="false" index="1" name="update" type="bool"/>
	</method>
	<method name="get_pos" qualifiers="const">
		<return type="float"/>
	</method>
	<method name="find_animation" qualifiers="const">
		<return type="String"/>
		<argument index="0" name="animation" type="Animation"/>
	</method>
	<method name="clear_caches"/>
	<method name="set_animation_process_mode">
		<argument index="0" name="mode" type="int"/>
	</method>
	<method name="get_animation_process_mode" qualifiers="const">
		<return type="int"/>
	</method>
	<method name="get_current_animation_pos" qualifiers="const">
		<return type="float"/>
	</method>
	<method name="get_current_animation_length" qualifiers="const">
		<return type="float"/>
	</method>
	<method name="advance">
		<argument index="0" name="delta" type="float"/>
	</method>
</methods>