<?xml version="1.0" encoding="UTF-8"?>

<methods name="ButtonGroup">
	<method name="get_pressed_button">
		<description>Return the pressed button.</description>
	</method>
	<method name="get_pressed_button_index">
		<description>Return the index of the pressed button (by tree order).</description>
	</method>
	<method name="get_focused_button">
		<description>Return the focused button.</description>
	</method>
	<method name="get_button_list">
		<description>Return the list of all the buttons in the group.</description>
	</method>
	<method name="set_pressed_button">
		<description>Set the button to be pressed.</description>
	</method>
</methods>