<?xml version="1.0" encoding="UTF-8"?>

<methods name="GraphEdit">
	<method name="connect_node">
		<return type="Error"/>
		<argument index="0" name="from" type="String"/>
		<argument index="1" name="from_port" type="int"/>
		<argument index="2" name="to" type="String"/>
		<argument index="3" name="to_port" type="int"/>
	</method>
	<method name="is_node_connected">
		<return type="bool"/>
		<argument index="0" name="from" type="String"/>
		<argument index="1" name="from_port" type="int"/>
		<argument index="2" name="to" type="String"/>
		<argument index="3" name="to_port" type="int"/>
	</method>
	<method name="disconnect_node">
		<argument index="0" name="from" type="String"/>
		<argument index="1" name="from_port" type="int"/>
		<argument index="2" name="to" type="String"/>
		<argument index="3" name="to_port" type="int"/>
	</method>
	<method name="get_connection_list" qualifiers="const">
		<return type="Array"/>
	</method>
	<method name="get_scroll_ofs" qualifiers="const">
		<return type="Vector2"/>
	</method>
	<method name="set_zoom">
		<argument index="0" name="p_zoom" type="float"/>
	</method>
	<method name="get_zoom" qualifiers="const">
		<return type="float"/>
	</method>
	<method name="set_right_disconnects">
		<argument index="0" name="enable" type="bool"/>
	</method>
	<method name="is_right_disconnects_enabled" qualifiers="const">
		<return type="bool"/>
	</method>
</methods>