<?xml version="1.0" encoding="UTF-8"?>

<signals name="GraphEdit">
	<signal name="delete_nodes_request"/>
	<signal name="duplicate_nodes_request"/>
	<signal name="popup_request">
		<argument index="0" name="p_position" type="Vector2"/>
	</signal>
	<signal name="_begin_node_move"/>
	<signal name="disconnection_request">
		<argument index="0" name="from" type="String"/>
		<argument index="1" name="from_slot" type="int"/>
		<argument index="2" name="to" type="String"/>
		<argument index="3" name="to_slot" type="int"/>
	</signal>
	<signal name="connection_request">
		<argument index="0" name="from" type="String"/>
		<argument index="1" name="from_slot" type="int"/>
		<argument index="2" name="to" type="String"/>
		<argument index="3" name="to_slot" type="int"/>
	</signal>
	<signal name="_end_node_move"/>
</signals>