<?xml version="1.0" encoding="UTF-8"?>

<methods name="Camera2D">
	<method name="set_offset">
		<argument index="0" name="offset" type="Vector2"/>
	</method>
	<method name="get_offset" qualifiers="const">
		<return type="Vector2"/>
	</method>
	<method name="set_anchor_mode">
		<argument index="0" name="anchor_mode" type="int"/>
	</method>
	<method name="get_anchor_mode" qualifiers="const">
		<return type="int"/>
	</method>
	<method name="set_rotating">
		<argument index="0" name="rotating" type="bool"/>
	</method>
	<method name="is_rotating" qualifiers="const">
		<return type="bool"/>
	</method>
	<method name="make_current"/>
	<method name="clear_current"/>
	<method name="is_current" qualifiers="const">
		<return type="bool"/>
	</method>
	<method name="set_limit">
		<argument index="0" name="margin" type="int"/>
		<argument index="1" name="limit" type="int"/>
	</method>
	<method name="get_limit" qualifiers="const">
		<return type="int"/>
		<argument index="0" name="margin" type="int"/>
	</method>
	<method name="set_v_drag_enabled">
		<argument index="0" name="enabled" type="bool"/>
	</method>
	<method name="is_v_drag_enabled" qualifiers="const">
		<return type="bool"/>
	</method>
	<method name="set_h_drag_enabled">
		<argument index="0" name="enabled" type="bool"/>
	</method>
	<method name="is_h_drag_enabled" qualifiers="const">
		<return type="bool"/>
	</method>
	<method name="set_v_offset">
		<argument index="0" name="ofs" type="float"/>
	</method>
	<method name="get_v_offset" qualifiers="const">
		<return type="float"/>
	</method>
	<method name="set_h_offset">
		<argument index="0" name="ofs" type="float"/>
	</method>
	<method name="get_h_offset" qualifiers="const">
		<return type="float"/>
	</method>
	<method name="set_drag_margin">
		<argument index="0" name="margin" type="int"/>
		<argument index="1" name="drag_margin" type="float"/>
	</method>
	<method name="get_drag_margin" qualifiers="const">
		<return type="float"/>
		<argument index="0" name="margin" type="int"/>
	</method>
	<method name="get_camera_pos" qualifiers="const">
		<return type="Vector2"/>
	</method>
	<method name="get_camera_screen_center" qualifiers="const">
		<return type="Vector2"/>
	</method>
	<method name="set_zoom">
		<argument index="0" name="zoom" type="Vector2"/>
	</method>
	<method name="get_zoom" qualifiers="const">
		<return type="Vector2"/>
	</method>
	<method name="set_follow_smoothing">
		<argument index="0" name="follow_smoothing" type="float"/>
	</method>
	<method name="get_follow_smoothing" qualifiers="const">
		<return type="float"/>
	</method>
	<method name="set_enable_follow_smoothing">
		<argument index="0" name="follow_smoothing" type="bool"/>
	</method>
	<method name="is_follow_smoothing_enabled" qualifiers="const">
		<return type="bool"/>
	</method>
	<method name="force_update_scroll"/>
</methods>