<?xml version="1.0" encoding="UTF-8"?>

<methods name="Generic6DOFJoint">
	<method name="
g
e
t
_
p
a
r
a
m
_
x
">
		<return>
</return>
	</method>
	<method name="
g
e
t
_
p
a
r
a
m
_
y
">
		<return>
</return>
	</method>
	<method name="
g
e
t
_
p
a
r
a
m
_
z
">
		<return>
</return>
	</method>
	<method name="
g
e
t
_
f
l
a
g
_
x
">
		<return>
</return>
	</method>
	<method name="
g
e
t
_
f
l
a
g
_
y
">
		<return>
</return>
	</method>
	<method name="
g
e
t
_
f
l
a
g
_
z
">
		<return>
</return>
	</method>
</methods>