<?xml version="1.0" encoding="UTF-8"?>

<methods name="CollisionPolygon">
	<method name="
g
e
t
_
b
u
i
l
d
_
m
o
d
e
">
		<return>
</return>
	</method>
	<method name="
g
e
t
_
d
e
p
t
h
">
		<return>
</return>
	</method>
	<method name="
g
e
t
_
p
o
l
y
g
o
n
">
		<return>
</return>
	</method>
	<method name="
g
e
t
_
c
o
l
l
i
s
i
o
n
_
o
b
j
e
c
t
_
f
i
r
s
t
_
s
h
a
p
e
">
		<return>
</return>
	</method>
	<method name="
g
e
t
_
c
o
l
l
i
s
i
o
n
_
o
b
j
e
c
t
_
l
a
s
t
_
s
h
a
p
e
">
		<return>
</return>
	</method>
</methods>