<?xml version="1.0" encoding="UTF-8"?>

<methods name="CollisionPolygon">
	<method name="set_build_mode">
		<argument index="0" name="build_mode" type="int"/>
	</method>
	<method name="get_build_mode" qualifiers="const">
		<return type="int"/>
	</method>
	<method name="set_depth">
		<argument index="0" name="depth" type="float"/>
	</method>
	<method name="get_depth" qualifiers="const">
		<return type="float"/>
	</method>
	<method name="set_polygon">
		<argument index="0" name="polygon" type="Vector2Array"/>
	</method>
	<method name="get_polygon" qualifiers="const">
		<return type="Vector2Array"/>
	</method>
	<method name="get_collision_object_first_shape" qualifiers="const">
		<return type="int"/>
	</method>
	<method name="get_collision_object_last_shape" qualifiers="const">
		<return type="int"/>
	</method>
</methods>