<?xml version="1.0" encoding="UTF-8"?>

<theme_items name="HButtonArray">
	<theme_item name="button_separator" type="int"/>
	<theme_item name="icon_separator" type="int"/>
	<theme_item name="font_color_selected" type="Color"/>
	<theme_item name="font_color" type="Color"/>
	<theme_item name="font_selected" type="Font"/>
	<theme_item name="font" type="Font"/>
	<theme_item name="hover" type="StyleBox"/>
	<theme_item name="focus" type="StyleBox"/>
	<theme_item name="selected" type="StyleBox"/>
	<theme_item name="normal" type="StyleBox"/>
</theme_items>