<?xml version="1.0" encoding="UTF-8"?>

<methods name="BaseButton">
	<method name="_pressed" qualifiers="virtual"/>
	<method name="_toggled" qualifiers="virtual">
		<argument index="0" name="pressed" type="bool"/>
	</method>
	<method name="set_pressed">
		<argument index="0" name="pressed" type="bool"/>
	</method>
	<method name="is_pressed" qualifiers="const">
		<return type="bool"/>
	</method>
	<method name="is_hovered" qualifiers="const">
		<return type="bool"/>
	</method>
	<method name="set_toggle_mode">
		<argument index="0" name="enabled" type="bool"/>
	</method>
	<method name="is_toggle_mode" qualifiers="const">
		<return type="bool"/>
	</method>
	<method name="set_disabled">
		<argument index="0" name="disabled" type="bool"/>
	</method>
	<method name="is_disabled" qualifiers="const">
		<return type="bool"/>
	</method>
	<method name="set_click_on_press">
		<argument index="0" name="enable" type="bool"/>
	</method>
	<method name="get_click_on_press" qualifiers="const">
		<return type="bool"/>
	</method>
	<method name="get_draw_mode" qualifiers="const">
		<return type="int"/>
	</method>
</methods>