<?xml version="1.0" encoding="UTF-8"?>

<methods name="AnimatedSprite">
	<method name="set_sprite_frames">
		<argument index="0" name="sprite_frames" type="SpriteFrames"/>
	</method>
	<method name="get_sprite_frames" qualifiers="const">
		<return type="SpriteFrames"/>
	</method>
	<method name="set_centered">
		<argument index="0" name="centered" type="bool"/>
	</method>
	<method name="is_centered" qualifiers="const">
		<return type="bool"/>
	</method>
	<method name="set_offset">
		<argument index="0" name="offset" type="Vector2"/>
	</method>
	<method name="get_offset" qualifiers="const">
		<return type="Vector2"/>
	</method>
	<method name="set_flip_h">
		<argument index="0" name="flip_h" type="bool"/>
	</method>
	<method name="is_flipped_h" qualifiers="const">
		<return type="bool"/>
	</method>
	<method name="set_flip_v">
		<argument index="0" name="flip_v" type="bool"/>
	</method>
	<method name="is_flipped_v" qualifiers="const">
		<return type="bool"/>
	</method>
	<method name="set_frame">
		<argument index="0" name="frame" type="int"/>
	</method>
	<method name="get_frame" qualifiers="const">
		<return type="int"/>
	</method>
	<method name="set_modulate">
		<argument index="0" name="modulate" type="Color"/>
	</method>
	<method name="get_modulate" qualifiers="const">
		<return type="Color"/>
	</method>
</methods>