<?xml version="1.0" encoding="UTF-8"?>

<methods name="File">
	<method name="open_encrypted">
		<return type="int"/>
		<argument index="0" name="path" type="String"/>
		<argument index="1" name="mode_flags" type="int"/>
		<argument index="2" name="key" type="RawArray"/>
	</method>
	<method name="open_encrypted_with_pass">
		<return type="int"/>
		<argument index="0" name="path" type="String"/>
		<argument index="1" name="mode_flags" type="int"/>
		<argument index="2" name="pass" type="String"/>
	</method>
	<method name="open">
		<return type="int"/>
		<argument index="0" name="path" type="String"/>
		<argument index="1" name="flags" type="int"/>
	</method>
	<method name="close"/>
	<method name="is_open" qualifiers="const">
		<return type="bool"/>
	</method>
	<method name="seek">
		<argument index="0" name="pos" type="int"/>
	</method>
	<method name="seek_end">
		<argument default="0" index="0" name="pos" type="int"/>
	</method>
	<method name="get_pos" qualifiers="const">
		<return type="int"/>
	</method>
	<method name="get_len" qualifiers="const">
		<return type="int"/>
	</method>
	<method name="eof_reached" qualifiers="const">
		<return type="bool"/>
	</method>
	<method name="get_8" qualifiers="const">
		<return type="int"/>
	</method>
	<method name="get_16" qualifiers="const">
		<return type="int"/>
	</method>
	<method name="get_32" qualifiers="const">
		<return type="int"/>
	</method>
	<method name="get_64" qualifiers="const">
		<return type="int"/>
	</method>
	<method name="get_float" qualifiers="const">
		<return type="float"/>
	</method>
	<method name="get_double" qualifiers="const">
		<return type="float"/>
	</method>
	<method name="get_real" qualifiers="const">
		<return type="float"/>
	</method>
	<method name="get_buffer" qualifiers="const">
		<return type="RawArray"/>
		<argument index="0" name="len" type="int"/>
	</method>
	<method name="get_line" qualifiers="const">
		<return type="String"/>
	</method>
	<method name="get_as_text" qualifiers="const">
		<return type="String"/>
	</method>
	<method name="get_endian_swap">
		<return type="bool"/>
	</method>
	<method name="set_endian_swap">
		<argument index="0" name="enable" type="bool"/>
	</method>
	<method name="get_error" qualifiers="const">
		<return type="Error"/>
	</method>
	<method name="get_var" qualifiers="const"/>
	<method name="get_csv_line" qualifiers="const">
		<return type="StringArray"/>
	</method>
	<method name="store_8">
		<argument index="0" name="value" type="int"/>
	</method>
	<method name="store_16">
		<argument index="0" name="value" type="int"/>
	</method>
	<method name="store_32">
		<argument index="0" name="value" type="int"/>
	</method>
	<method name="store_64">
		<argument index="0" name="value" type="int"/>
	</method>
	<method name="store_float">
		<argument index="0" name="value" type="float"/>
	</method>
	<method name="store_double">
		<argument index="0" name="value" type="float"/>
	</method>
	<method name="store_real">
		<argument index="0" name="value" type="float"/>
	</method>
	<method name="store_buffer">
		<argument index="0" name="buffer" type="RawArray"/>
	</method>
	<method name="store_line">
		<argument index="0" name="line" type="String"/>
	</method>
	<method name="store_string">
		<argument index="0" name="string" type="String"/>
	</method>
	<method name="store_var">
		<argument index="0" name="value" type="var"/>
	</method>
	<method name="store_pascal_string">
		<argument index="0" name="string" type="String"/>
	</method>
	<method name="get_pascal_string">
		<return type="String"/>
	</method>
	<method name="file_exists" qualifiers="const">
		<return type="bool"/>
		<argument index="0" name="path" type="String"/>
	</method>
</methods>