<?xml version="1.0" encoding="UTF-8"?>

<methods name="Animation">
	<method name="add_track">
		<return type="int"/>
		<argument index="0" name="type" type="int"/>
		<argument default="-1" index="1" name="at_pos" type="int"/>
	</method>
	<method name="remove_track">
		<argument index="0" name="idx" type="int"/>
	</method>
	<method name="get_track_count" qualifiers="const">
		<return type="int"/>
	</method>
	<method name="track_get_type" qualifiers="const">
		<return type="int"/>
		<argument index="0" name="idx" type="int"/>
	</method>
	<method name="track_get_path" qualifiers="const">
		<return type="NodePath"/>
		<argument index="0" name="idx" type="int"/>
	</method>
	<method name="track_set_path">
		<argument index="0" name="idx" type="int"/>
		<argument index="1" name="path" type="NodePath"/>
	</method>
	<method name="find_track" qualifiers="const">
		<return type="int"/>
		<argument index="0" name="path" type="NodePath"/>
	</method>
	<method name="track_move_up">
		<argument index="0" name="idx" type="int"/>
	</method>
	<method name="track_move_down">
		<argument index="0" name="idx" type="int"/>
	</method>
	<method name="transform_track_insert_key">
		<return type="int"/>
		<argument index="0" name="idx" type="int"/>
		<argument index="1" name="time" type="float"/>
		<argument index="2" name="loc" type="Vector3"/>
		<argument index="3" name="rot" type="Quat"/>
		<argument index="4" name="scale" type="Vector3"/>
	</method>
	<method name="track_insert_key">
		<argument index="0" name="idx" type="int"/>
		<argument index="1" name="time" type="float"/>
		<argument index="2" name="key" type="var"/>
		<argument default="1" index="3" name="transition" type="float"/>
	</method>
	<method name="track_remove_key">
		<argument index="0" name="idx" type="int"/>
		<argument index="1" name="key_idx" type="int"/>
	</method>
	<method name="track_remove_key_at_pos">
		<argument index="0" name="idx" type="int"/>
		<argument index="1" name="pos" type="float"/>
	</method>
	<method name="track_set_key_value">
		<argument index="0" name="idx" type="int"/>
		<argument index="1" name="key" type="int"/>
		<argument index="2" name="value" type="var"/>
	</method>
	<method name="track_set_key_transition">
		<argument index="0" name="idx" type="int"/>
		<argument index="1" name="key_idx" type="int"/>
		<argument index="2" name="transition" type="float"/>
	</method>
	<method name="track_get_key_transition" qualifiers="const">
		<return type="float"/>
		<argument index="0" name="idx" type="int"/>
		<argument index="1" name="key_idx" type="int"/>
	</method>
	<method name="track_get_key_count" qualifiers="const">
		<return type="int"/>
		<argument index="0" name="idx" type="int"/>
	</method>
	<method name="track_get_key_value" qualifiers="const">
		<argument index="0" name="idx" type="int"/>
		<argument index="1" name="key_idx" type="int"/>
	</method>
	<method name="track_get_key_time" qualifiers="const">
		<return type="float"/>
		<argument index="0" name="idx" type="int"/>
		<argument index="1" name="key_idx" type="int"/>
	</method>
	<method name="track_find_key" qualifiers="const">
		<return type="int"/>
		<argument index="0" name="idx" type="int"/>
		<argument index="1" name="time" type="float"/>
		<argument default="false" index="2" name="exact" type="bool"/>
	</method>
	<method name="track_set_interpolation_type">
		<argument index="0" name="idx" type="int"/>
		<argument index="1" name="interpolation" type="int"/>
	</method>
	<method name="track_get_interpolation_type" qualifiers="const">
		<return type="int"/>
		<argument index="0" name="idx" type="int"/>
	</method>
	<method name="transform_track_interpolate" qualifiers="const">
		<return type="Array"/>
		<argument index="0" name="idx" type="int"/>
		<argument index="1" name="time_sec" type="float"/>
	</method>
	<method name="value_track_set_continuous">
		<argument index="0" name="idx" type="int"/>
		<argument index="1" name="continuous" type="bool"/>
	</method>
	<method name="value_track_is_continuous" qualifiers="const">
		<return type="bool"/>
		<argument index="0" name="idx" type="int"/>
	</method>
	<method name="value_track_get_key_indices" qualifiers="const">
		<return type="IntArray"/>
		<argument index="0" name="idx" type="int"/>
		<argument index="1" name="time_sec" type="float"/>
		<argument index="2" name="delta" type="float"/>
	</method>
	<method name="method_track_get_key_indices" qualifiers="const">
		<return type="IntArray"/>
		<argument index="0" name="idx" type="int"/>
		<argument index="1" name="time_sec" type="float"/>
		<argument index="2" name="delta" type="float"/>
	</method>
	<method name="method_track_get_name" qualifiers="const">
		<return type="String"/>
		<argument index="0" name="idx" type="int"/>
		<argument index="1" name="key_idx" type="int"/>
	</method>
	<method name="method_track_get_params" qualifiers="const">
		<return type="Array"/>
		<argument index="0" name="idx" type="int"/>
		<argument index="1" name="key_idx" type="int"/>
	</method>
	<method name="set_length">
		<argument index="0" name="time_sec" type="float"/>
	</method>
	<method name="get_length" qualifiers="const">
		<return type="float"/>
	</method>
	<method name="set_loop">
		<argument index="0" name="enabled" type="bool"/>
	</method>
	<method name="has_loop" qualifiers="const">
		<return type="bool"/>
	</method>
	<method name="set_step">
		<argument index="0" name="size_sec" type="float"/>
	</method>
	<method name="get_step" qualifiers="const">
		<return type="float"/>
	</method>
	<method name="clear"/>
</methods>