<?xml version="1.0" encoding="UTF-8"?>

<methods name="EditorImportPlugin">
	<method name="custom_export" qualifiers="virtual">
		<return type="RawArray"/>
		<argument index="0" name="path" type="String"/>
	</method>
	<method name="get_name" qualifiers="virtual">
		<return type="String"/>
	</method>
	<method name="get_visible_name" qualifiers="virtual">
		<return type="String"/>
	</method>
	<method name="import" qualifiers="virtual">
		<return type="int"/>
		<argument index="0" name="path" type="String"/>
		<argument index="1" name="from" type="ResourceImportMetaData"/>
	</method>
	<method name="import_dialog" qualifiers="virtual">
		<argument index="0" name="from" type="String"/>
	</method>
</methods>