<?xml version="1.0" encoding="UTF-8"?>

<methods name="BaseButton">
	<method name="set_pressed">
		<description>Set the button to pressed state (only if toggle_mode is active).</description>
	</method>
	<method name="is_pressed">
		<description>If toggle_mode is active, return whether the button is toggled. If toggle_mode is not active, return whether the button is pressed down.</description>
	</method>
	<method name="set_toggle_mode">
		<description>Set the button toggle_mode property. Toggle mode makes the button flip state between pressed and unpressed each time its area is clicked.</description>
	</method>
	<method name="is_toggle_mode">
		<description>Return the toggle_mode property (see [method set_toggle_mode]).</description>
	</method>
	<method name="set_disabled">
		<description>Set the button into disabled state. When a button is disabled, it can&amp;apo;t be clicked or toggled.</description>
	</method>
	<method name="is_disabled">
		<description>Return wether the button is in disabled state (see [method set_disabled]).</description>
	</method>
	<method name="set_click_on_press">
		<description>Set the button click_on_press mode. This mode generates click events when a mousebutton or key is just pressed (by default events are generated when the button/keys are released and both press and release occur in the visual area of the Button).</description>
	</method>
	<method name="get_click_on_press">
		<description>Return the state of the click_on_press property (see [method set_click_on_press]).</description>
	</method>
	<method name="get_draw_mode">
		<description>Return the visual state used to draw the button. This is useful mainly when implementing your own draw code by either overiding _draw() or connecting to &amp;quot;draw&amp;quot; signal. The visual state of the button is defined by the DRAW_* enum.</description>
	</method>
</methods>