<?xml version="1.0" encoding="UTF-8"?>

<methods name="Array">
	<method name="append">
		<argument index="0" name="value" type="var"/>
	</method>
	<method name="clear"/>
	<method name="empty">
		<return type="bool"/>
	</method>
	<method name="erase">
		<argument index="0" name="value" type="var"/>
	</method>
	<method name="find">
		<return type="int"/>
		<argument index="0" name="value" type="var"/>
	</method>
	<method name="hash">
		<return type="int"/>
	</method>
	<method name="insert">
		<argument index="0" name="pos" type="int"/>
		<argument index="1" name="value" type="var"/>
	</method>
	<method name="invert"/>
	<method name="is_shared">
		<return type="bool"/>
	</method>
	<method name="pop_back"/>
	<method name="pop_front"/>
	<method name="push_back">
		<argument index="0" name="value" type="var"/>
	</method>
	<method name="push_front">
		<argument index="0" name="value" type="var"/>
	</method>
	<method name="remove">
		<argument index="0" name="pos" type="int"/>
	</method>
	<method name="resize">
		<argument index="0" name="pos" type="int"/>
	</method>
	<method name="size">
		<return type="int"/>
	</method>
	<method name="sort"/>
	<method name="sort_custom">
		<argument index="0" name="obj" type="Object"/>
		<argument index="1" name="func" type="String"/>
	</method>
	<method name="Array">
		<return type="Array"/>
		<argument index="0" name="from" type="RawArray"/>
	</method>
	<method name="Array">
		<return type="Array"/>
		<argument index="0" name="from" type="IntArray"/>
	</method>
	<method name="Array">
		<return type="Array"/>
		<argument index="0" name="from" type="RealArray"/>
	</method>
	<method name="Array">
		<return type="Array"/>
		<argument index="0" name="from" type="StringArray"/>
	</method>
	<method name="Array">
		<return type="Array"/>
		<argument index="0" name="from" type="Vector2Array"/>
	</method>
	<method name="Array">
		<return type="Array"/>
		<argument index="0" name="from" type="Vector3Array"/>
	</method>
	<method name="Array">
		<return type="Array"/>
		<argument index="0" name="from" type="ColorArray"/>
	</method>
</methods>