<?xml version="1.0" encoding="UTF-8"?>

<theme_items name="CheckBox">
	<theme_item name="check_vadjust" type="int"/>
	<theme_item name="hseparation" type="int"/>
	<theme_item name="font_color_disabled" type="Color"/>
	<theme_item name="font_color" type="Color"/>
	<theme_item name="font_color_hover" type="Color"/>
	<theme_item name="font_color_pressed" type="Color"/>
	<theme_item name="radio_checked" type="Texture"/>
	<theme_item name="checked" type="Texture"/>
	<theme_item name="radio_unchecked" type="Texture"/>
	<theme_item name="unchecked" type="Texture"/>
	<theme_item name="font" type="Font"/>
	<theme_item name="hover" type="StyleBox"/>
	<theme_item name="pressed" type="StyleBox"/>
	<theme_item name="focus" type="StyleBox"/>
	<theme_item name="disabled" type="StyleBox"/>
	<theme_item name="normal" type="StyleBox"/>
</theme_items>