<?xml version="1.0" encoding="UTF-8"?>

<methods name="Color">
	<method name="contrasted">
		<description>Return the most contrasting color with this one.</description>
	</method>
	<method name="gray">
		<description>Convert the color to gray.</description>
	</method>
	<method name="inverted">
		<description>Return the inverted color (1-r, 1-g, 1-b, 1-a).</description>
	</method>
	<method name="linear_interpolate">
		<description>Return the linear interpolation with another color.</description>
	</method>
	<method name="to_32">
		<description>Convert the color to a 32 its integer (each byte represets a RGBA).</description>
	</method>
	<method name="to_ARGB32">
		<description>Convert color to ARGB32, more compatible with DirectX.</description>
	</method>
	<method name="to_html">
		<description>Return the HTML hexadecimal color string.</description>
	</method>
	<method name="Color">
		<description>Construct the color from an RGBA profile.</description>
	</method>
	<method name="Color">
		<description>Construct the color from an RGBA profile.</description>
	</method>
	<method name="Color">
		<description>Construct the color from an RGBA profile.</description>
	</method>
	<method name="Color">
		<description>Construct the color from an RGBA profile.</description>
	</method>
</methods>