<?xml version="1.0" encoding="UTF-8"?>

<methods name="Navigation2D">
	<method name="navpoly_create">
		<return type="int"/>
		<argument index="0" name="mesh" type="NavigationPolygon"/>
		<argument index="1" name="xform" type="Matrix32"/>
		<argument default="NULL" index="2" name="owner" type="Object"/>
	</method>
	<method name="navpoly_set_transform">
		<argument index="0" name="id" type="int"/>
		<argument index="1" name="xform" type="Matrix32"/>
	</method>
	<method name="navpoly_remove">
		<argument index="0" name="id" type="int"/>
	</method>
	<method name="get_simple_path">
		<return type="Vector2Array"/>
		<argument index="0" name="start" type="Vector2"/>
		<argument index="1" name="end" type="Vector2"/>
		<argument default="true" index="2" name="optimize" type="bool"/>
	</method>
	<method name="get_closest_point">
		<return type="Vector2"/>
		<argument index="0" name="to_point" type="Vector2"/>
	</method>
	<method name="get_closest_point_owner">
		<return type="Object"/>
		<argument index="0" name="to_point" type="Vector2"/>
	</method>
</methods>