<?xml version="1.0" encoding="UTF-8"?>

<methods name="PacketPeerUDP">
	<method name="
l
i
s
t
e
n
">
		<return>
</return>
	</method>
	<method name="
w
a
i
t
">
		<return>
</return>
	</method>
	<method name="
i
s
_
l
i
s
t
e
n
i
n
g
">
		<return>
</return>
	</method>
	<method name="
g
e
t
_
p
a
c
k
e
t
_
i
p
">
		<return>
</return>
	</method>
	<method name="
g
e
t
_
p
a
c
k
e
t
_
a
d
d
r
e
s
s
">
		<return>
</return>
	</method>
	<method name="
g
e
t
_
p
a
c
k
e
t
_
p
o
r
t
">
		<return>
</return>
	</method>
	<method name="
s
e
t
_
s
e
n
d
_
a
d
d
r
e
s
s
">
		<return>
</return>
	</method>
</methods>