<?xml version="1.0" encoding="UTF-8"?>

<methods name="EditorFileDialog">
	<method name="
g
e
t
_
c
u
r
r
e
n
t
_
d
i
r
">
		<return>
</return>
	</method>
	<method name="
g
e
t
_
c
u
r
r
e
n
t
_
f
i
l
e
">
		<return>
</return>
	</method>
	<method name="
g
e
t
_
c
u
r
r
e
n
t
_
p
a
t
h
">
		<return>
</return>
	</method>
	<method name="
g
e
t
_
m
o
d
e
">
		<return>
</return>
	</method>
	<method name="
g
e
t
_
v
b
o
x
">
		<return>
</return>
	</method>
	<method name="
g
e
t
_
a
c
c
e
s
s
">
		<return>
</return>
	</method>
	<method name="
i
s
_
s
h
o
w
i
n
g
_
h
i
d
d
e
n
_
f
i
l
e
s
">
		<return>
</return>
	</method>
	<method name="
g
e
t
_
d
i
s
p
l
a
y
_
m
o
d
e
">
		<return>
</return>
	</method>
</methods>