<?xml version="1.0" encoding="UTF-8"?>

<signals name="Area2D">
	<signal name="body_enter">
		<description>This signal is triggered only once when a body enters this area. The only parameter passed is the body that entered this area.</description>
	</signal>
	<signal name="body_enter_shape">
		<description>This signal triggers only once when a body enters this area. The first parameter is the body&amp;apo;s [RID]. The second one is the body as an object. The third one is the index of the shape of the body that entered this area, and the fourth one is the index of the shape in this area that repored the entering.</description>
	</signal>
	<signal name="area_enter">
		<description>This signal is triggered only once when an area enters this area. The only parameter passed is the area that entered this area.</description>
	</signal>
	<signal name="area_enter_shape">
		<description>This signal triggers only once when an area enters this area. The first parameter is the area&amp;apo;s [RID]. The second one is the area as an object. The third one is the index of the shape entering this area, and the fourth one is the index of the shape in this area that reported the entering.</description>
	</signal>
	<signal name="body_exit">
		<description>This signal is triggered only once when a body exits this area. The only parameter passed is the body that exited this area.</description>
	</signal>
	<signal name="body_exit_shape">
		<description>This signal triggers only once when a body exits this area. The first parameter is the body&amp;apo;s [RID]. The second one is the body as an object. The third one is the index of the shape exiting this area, and the fourth one is the index of the shape in this area that reported the exit.</description>
	</signal>
	<signal name="area_exit">
		<description>This signal is triggered only once when an area exits this area. The only parameter passed is the area that exited this area.</description>
	</signal>
	<signal name="area_exit_shape">
		<description>This signal triggers only once when an area exits this area. The first parameter is the area&amp;apo;s [RID]. The second one is the area as an object. The third one is the index of the shape entering this area, and the fourth one is the index of the shape in this area that reported the entering.</description>
	</signal>
</signals>