<?xml version="1.0" encoding="UTF-8"?>

<methods name="HTTPClient">
	<method name="connect">
		<description>Connect to a host. This needs to be done before any requests are sent.
The host should not have http:// prepended but will strip the protocol identifier if provided.

verify_host will check the SSL identity of the host if set to true.</description>
	</method>
	<method name="request">
		<description>Sends a request to the connected host. The url is the what is normally behind the hostname, i.e:
http://somehost.com/index.php
url would be &amp;quot;index.php&amp;quot;

Headers are HTTP request headers

To create a POST request with query strings to push to the server, do:
var fields = {&amp;quot;username&amp;quot; : &amp;quot;user&amp;quot;,
                       &amp;quot;password&amp;quot; : &amp;quot;pass&amp;quot;}
var queryString = httpClient.query_string_from_dict(fields)
var headers = [&amp;quot;Content-Type: application/x-www-form-urlencoded&amp;quot;,
		   	             &amp;quot;Content-Length: &amp;quot; + str(queryString.length())]
var result = httpClient.request(httpClient.METHOD_POST, &amp;quot;index.php&amp;quot;, headers, queryString)</description>
	</method>
	<method name="send_body_text">
		<description>Stub function</description>
	</method>
	<method name="send_body_data">
		<description>Stub function</description>
	</method>
	<method name="set_read_chunk_size">
		<description>Sets the size of the buffer used and maximum bytes to read per iteration</description>
	</method>
	<method name="set_blocking_mode">
		<description>If set to true, execute will wait until all data is read from the response.</description>
	</method>
	<method name="get_status">
		<description>Returns a status string like STATUS_REQUESTING. Need to call [method poll] in order to get status updates.</description>
	</method>
	<method name="poll">
		<description>This needs to be called in order to have any request processed. Check results with [method get_status]</description>
	</method>
	<method name="query_string_from_dict">
		<description>Generates a GET/POST application/x-www-form-urlencoded style query string from a provided dictionary.

var fields = {&amp;quot;username&amp;quot;: &amp;quot;user&amp;quot;, &amp;quot;password&amp;quot;: &amp;quot;pass&amp;quot;}
String queryString = httpClient.query_string_from_dict(fields)

returns:= &amp;quot;username=user&amp;password=pass&amp;quot;</description>
	</method>
</methods>