<?xml version="1.0" encoding="UTF-8"?>

<constants name="@Global Scope">
	<constant name="MARGIN_LEFT" value="0"/>
	<constant name="MARGIN_TOP" value="1"/>
	<constant name="MARGIN_RIGHT" value="2"/>
	<constant name="MARGIN_BOTTOM" value="3"/>
	<constant name="VERTICAL" value="1"/>
	<constant name="HORIZONTAL" value="0"/>
	<constant name="HALIGN_LEFT" value="0"/>
	<constant name="HALIGN_CENTER" value="1"/>
	<constant name="HALIGN_RIGHT" value="2"/>
	<constant name="VALIGN_TOP" value="0"/>
	<constant name="VALIGN_CENTER" value="1"/>
	<constant name="VALIGN_BOTTOM" value="2"/>
	<constant name="SPKEY" value="16777216"/>
	<constant name="KEY_ESCAPE" value="16777217"/>
	<constant name="KEY_TAB" value="16777218"/>
	<constant name="KEY_BACKTAB" value="16777219"/>
	<constant name="KEY_BACKSPACE" value="16777220"/>
	<constant name="KEY_RETURN" value="16777221"/>
	<constant name="KEY_ENTER" value="16777222"/>
	<constant name="KEY_INSERT" value="16777223"/>
	<constant name="KEY_DELETE" value="16777224"/>
	<constant name="KEY_PAUSE" value="16777225"/>
	<constant name="KEY_PRINT" value="16777226"/>
	<constant name="KEY_SYSREQ" value="16777227"/>
	<constant name="KEY_CLEAR" value="16777228"/>
	<constant name="KEY_HOME" value="16777229"/>
	<constant name="KEY_END" value="16777230"/>
	<constant name="KEY_LEFT" value="16777231"/>
	<constant name="KEY_UP" value="16777232"/>
	<constant name="KEY_RIGHT" value="16777233"/>
	<constant name="KEY_DOWN" value="16777234"/>
	<constant name="KEY_PAGEUP" value="16777235"/>
	<constant name="KEY_PAGEDOWN" value="16777236"/>
	<constant name="KEY_SHIFT" value="16777237"/>
	<constant name="KEY_CONTROL" value="16777238"/>
	<constant name="KEY_META" value="16777239"/>
	<constant name="KEY_ALT" value="16777240"/>
	<constant name="KEY_CAPSLOCK" value="16777241"/>
	<constant name="KEY_NUMLOCK" value="16777242"/>
	<constant name="KEY_SCROLLLOCK" value="16777243"/>
	<constant name="KEY_F1" value="16777244"/>
	<constant name="KEY_F2" value="16777245"/>
	<constant name="KEY_F3" value="16777246"/>
	<constant name="KEY_F4" value="16777247"/>
	<constant name="KEY_F5" value="16777248"/>
	<constant name="KEY_F6" value="16777249"/>
	<constant name="KEY_F7" value="16777250"/>
	<constant name="KEY_F8" value="16777251"/>
	<constant name="KEY_F9" value="16777252"/>
	<constant name="KEY_F10" value="16777253"/>
	<constant name="KEY_F11" value="16777254"/>
	<constant name="KEY_F12" value="16777255"/>
	<constant name="KEY_F13" value="16777256"/>
	<constant name="KEY_F14" value="16777257"/>
	<constant name="KEY_F15" value="16777258"/>
	<constant name="KEY_F16" value="16777259"/>
	<constant name="KEY_KP_ENTER" value="16777344"/>
	<constant name="KEY_KP_MULTIPLY" value="16777345"/>
	<constant name="KEY_KP_DIVIDE" value="16777346"/>
	<constant name="KEY_KP_SUBSTRACT" value="16777347"/>
	<constant name="KEY_KP_PERIOD" value="16777348"/>
	<constant name="KEY_KP_ADD" value="16777349"/>
	<constant name="KEY_KP_0" value="16777350"/>
	<constant name="KEY_KP_1" value="16777351"/>
	<constant name="KEY_KP_2" value="16777352"/>
	<constant name="KEY_KP_3" value="16777353"/>
	<constant name="KEY_KP_4" value="16777354"/>
	<constant name="KEY_KP_5" value="16777355"/>
	<constant name="KEY_KP_6" value="16777356"/>
	<constant name="KEY_KP_7" value="16777357"/>
	<constant name="KEY_KP_8" value="16777358"/>
	<constant name="KEY_KP_9" value="16777359"/>
	<constant name="KEY_SUPER_L" value="16777260"/>
	<constant name="KEY_SUPER_R" value="16777261"/>
	<constant name="KEY_MENU" value="16777262"/>
	<constant name="KEY_HYPER_L" value="16777263"/>
	<constant name="KEY_HYPER_R" value="16777264"/>
	<constant name="KEY_HELP" value="16777265"/>
	<constant name="KEY_DIRECTION_L" value="16777266"/>
	<constant name="KEY_DIRECTION_R" value="16777267"/>
	<constant name="KEY_BACK" value="16777280"/>
	<constant name="KEY_FORWARD" value="16777281"/>
	<constant name="KEY_STOP" value="16777282"/>
	<constant name="KEY_REFRESH" value="16777283"/>
	<constant name="KEY_VOLUMEDOWN" value="16777284"/>
	<constant name="KEY_VOLUMEMUTE" value="16777285"/>
	<constant name="KEY_VOLUMEUP" value="16777286"/>
	<constant name="KEY_BASSBOOST" value="16777287"/>
	<constant name="KEY_BASSUP" value="16777288"/>
	<constant name="KEY_BASSDOWN" value="16777289"/>
	<constant name="KEY_TREBLEUP" value="16777290"/>
	<constant name="KEY_TREBLEDOWN" value="16777291"/>
	<constant name="KEY_MEDIAPLAY" value="16777292"/>
	<constant name="KEY_MEDIASTOP" value="16777293"/>
	<constant name="KEY_MEDIAPREVIOUS" value="16777294"/>
	<constant name="KEY_MEDIANEXT" value="16777295"/>
	<constant name="KEY_MEDIARECORD" value="16777296"/>
	<constant name="KEY_HOMEPAGE" value="16777297"/>
	<constant name="KEY_FAVORITES" value="16777298"/>
	<constant name="KEY_SEARCH" value="16777299"/>
	<constant name="KEY_STANDBY" value="16777300"/>
	<constant name="KEY_OPENURL" value="16777301"/>
	<constant name="KEY_LAUNCHMAIL" value="16777302"/>
	<constant name="KEY_LAUNCHMEDIA" value="16777303"/>
	<constant name="KEY_LAUNCH0" value="16777304"/>
	<constant name="KEY_LAUNCH1" value="16777305"/>
	<constant name="KEY_LAUNCH2" value="16777306"/>
	<constant name="KEY_LAUNCH3" value="16777307"/>
	<constant name="KEY_LAUNCH4" value="16777308"/>
	<constant name="KEY_LAUNCH5" value="16777309"/>
	<constant name="KEY_LAUNCH6" value="16777310"/>
	<constant name="KEY_LAUNCH7" value="16777311"/>
	<constant name="KEY_LAUNCH8" value="16777312"/>
	<constant name="KEY_LAUNCH9" value="16777313"/>
	<constant name="KEY_LAUNCHA" value="16777314"/>
	<constant name="KEY_LAUNCHB" value="16777315"/>
	<constant name="KEY_LAUNCHC" value="16777316"/>
	<constant name="KEY_LAUNCHD" value="16777317"/>
	<constant name="KEY_LAUNCHE" value="16777318"/>
	<constant name="KEY_LAUNCHF" value="16777319"/>
	<constant name="KEY_UNKNOWN" value="33554431"/>
	<constant name="KEY_SPACE" value="32"/>
	<constant name="KEY_EXCLAM" value="33"/>
	<constant name="KEY_QUOTEDBL" value="34"/>
	<constant name="KEY_NUMBERSIGN" value="35"/>
	<constant name="KEY_DOLLAR" value="36"/>
	<constant name="KEY_PERCENT" value="37"/>
	<constant name="KEY_AMPERSAND" value="38"/>
	<constant name="KEY_APOSTROPHE" value="39"/>
	<constant name="KEY_PARENLEFT" value="40"/>
	<constant name="KEY_PARENRIGHT" value="41"/>
	<constant name="KEY_ASTERISK" value="42"/>
	<constant name="KEY_PLUS" value="43"/>
	<constant name="KEY_COMMA" value="44"/>
	<constant name="KEY_MINUS" value="45"/>
	<constant name="KEY_PERIOD" value="46"/>
	<constant name="KEY_SLASH" value="47"/>
	<constant name="KEY_0" value="48"/>
	<constant name="KEY_1" value="49"/>
	<constant name="KEY_2" value="50"/>
	<constant name="KEY_3" value="51"/>
	<constant name="KEY_4" value="52"/>
	<constant name="KEY_5" value="53"/>
	<constant name="KEY_6" value="54"/>
	<constant name="KEY_7" value="55"/>
	<constant name="KEY_8" value="56"/>
	<constant name="KEY_9" value="57"/>
	<constant name="KEY_COLON" value="58"/>
	<constant name="KEY_SEMICOLON" value="59"/>
	<constant name="KEY_LESS" value="60"/>
	<constant name="KEY_EQUAL" value="61"/>
	<constant name="KEY_GREATER" value="62"/>
	<constant name="KEY_QUESTION" value="63"/>
	<constant name="KEY_AT" value="64"/>
	<constant name="KEY_A" value="65"/>
	<constant name="KEY_B" value="66"/>
	<constant name="KEY_C" value="67"/>
	<constant name="KEY_D" value="68"/>
	<constant name="KEY_E" value="69"/>
	<constant name="KEY_F" value="70"/>
	<constant name="KEY_G" value="71"/>
	<constant name="KEY_H" value="72"/>
	<constant name="KEY_I" value="73"/>
	<constant name="KEY_J" value="74"/>
	<constant name="KEY_K" value="75"/>
	<constant name="KEY_L" value="76"/>
	<constant name="KEY_M" value="77"/>
	<constant name="KEY_N" value="78"/>
	<constant name="KEY_O" value="79"/>
	<constant name="KEY_P" value="80"/>
	<constant name="KEY_Q" value="81"/>
	<constant name="KEY_R" value="82"/>
	<constant name="KEY_S" value="83"/>
	<constant name="KEY_T" value="84"/>
	<constant name="KEY_U" value="85"/>
	<constant name="KEY_V" value="86"/>
	<constant name="KEY_W" value="87"/>
	<constant name="KEY_X" value="88"/>
	<constant name="KEY_Y" value="89"/>
	<constant name="KEY_Z" value="90"/>
	<constant name="KEY_BRACKETLEFT" value="91"/>
	<constant name="KEY_BACKSLASH" value="92"/>
	<constant name="KEY_BRACKETRIGHT" value="93"/>
	<constant name="KEY_ASCIICIRCUM" value="94"/>
	<constant name="KEY_UNDERSCORE" value="95"/>
	<constant name="KEY_QUOTELEFT" value="96"/>
	<constant name="KEY_BRACELEFT" value="123"/>
	<constant name="KEY_BAR" value="124"/>
	<constant name="KEY_BRACERIGHT" value="125"/>
	<constant name="KEY_ASCIITILDE" value="126"/>
	<constant name="KEY_NOBREAKSPACE" value="160"/>
	<constant name="KEY_EXCLAMDOWN" value="161"/>
	<constant name="KEY_CENT" value="162"/>
	<constant name="KEY_STERLING" value="163"/>
	<constant name="KEY_CURRENCY" value="164"/>
	<constant name="KEY_YEN" value="165"/>
	<constant name="KEY_BROKENBAR" value="166"/>
	<constant name="KEY_SECTION" value="167"/>
	<constant name="KEY_DIAERESIS" value="168"/>
	<constant name="KEY_COPYRIGHT" value="169"/>
	<constant name="KEY_ORDFEMININE" value="170"/>
	<constant name="KEY_GUILLEMOTLEFT" value="171"/>
	<constant name="KEY_NOTSIGN" value="172"/>
	<constant name="KEY_HYPHEN" value="173"/>
	<constant name="KEY_REGISTERED" value="174"/>
	<constant name="KEY_MACRON" value="175"/>
	<constant name="KEY_DEGREE" value="176"/>
	<constant name="KEY_PLUSMINUS" value="177"/>
	<constant name="KEY_TWOSUPERIOR" value="178"/>
	<constant name="KEY_THREESUPERIOR" value="179"/>
	<constant name="KEY_ACUTE" value="180"/>
	<constant name="KEY_MU" value="181"/>
	<constant name="KEY_PARAGRAPH" value="182"/>
	<constant name="KEY_PERIODCENTERED" value="183"/>
	<constant name="KEY_CEDILLA" value="184"/>
	<constant name="KEY_ONESUPERIOR" value="185"/>
	<constant name="KEY_MASCULINE" value="186"/>
	<constant name="KEY_GUILLEMOTRIGHT" value="187"/>
	<constant name="KEY_ONEQUARTER" value="188"/>
	<constant name="KEY_ONEHALF" value="189"/>
	<constant name="KEY_THREEQUARTERS" value="190"/>
	<constant name="KEY_QUESTIONDOWN" value="191"/>
	<constant name="KEY_AGRAVE" value="192"/>
	<constant name="KEY_AACUTE" value="193"/>
	<constant name="KEY_ACIRCUMFLEX" value="194"/>
	<constant name="KEY_ATILDE" value="195"/>
	<constant name="KEY_ADIAERESIS" value="196"/>
	<constant name="KEY_ARING" value="197"/>
	<constant name="KEY_AE" value="198"/>
	<constant name="KEY_CCEDILLA" value="199"/>
	<constant name="KEY_EGRAVE" value="200"/>
	<constant name="KEY_EACUTE" value="201"/>
	<constant name="KEY_ECIRCUMFLEX" value="202"/>
	<constant name="KEY_EDIAERESIS" value="203"/>
	<constant name="KEY_IGRAVE" value="204"/>
	<constant name="KEY_IACUTE" value="205"/>
	<constant name="KEY_ICIRCUMFLEX" value="206"/>
	<constant name="KEY_IDIAERESIS" value="207"/>
	<constant name="KEY_ETH" value="208"/>
	<constant name="KEY_NTILDE" value="209"/>
	<constant name="KEY_OGRAVE" value="210"/>
	<constant name="KEY_OACUTE" value="211"/>
	<constant name="KEY_OCIRCUMFLEX" value="212"/>
	<constant name="KEY_OTILDE" value="213"/>
	<constant name="KEY_ODIAERESIS" value="214"/>
	<constant name="KEY_MULTIPLY" value="215"/>
	<constant name="KEY_OOBLIQUE" value="216"/>
	<constant name="KEY_UGRAVE" value="217"/>
	<constant name="KEY_UACUTE" value="218"/>
	<constant name="KEY_UCIRCUMFLEX" value="219"/>
	<constant name="KEY_UDIAERESIS" value="220"/>
	<constant name="KEY_YACUTE" value="221"/>
	<constant name="KEY_THORN" value="222"/>
	<constant name="KEY_SSHARP" value="223"/>
	<constant name="KEY_DIVISION" value="247"/>
	<constant name="KEY_YDIAERESIS" value="255"/>
	<constant name="KEY_CODE_MASK" value="33554431"/>
	<constant name="KEY_MODIFIER_MASK" value="-16777216"/>
	<constant name="KEY_MASK_SHIFT" value="33554432"/>
	<constant name="KEY_MASK_ALT" value="67108864"/>
	<constant name="KEY_MASK_META" value="134217728"/>
	<constant name="KEY_MASK_CTRL" value="268435456"/>
	<constant name="KEY_MASK_CMD" value="268435456"/>
	<constant name="KEY_MASK_KPAD" value="536870912"/>
	<constant name="KEY_MASK_GROUP_SWITCH" value="1073741824"/>
	<constant name="BUTTON_LEFT" value="1"/>
	<constant name="BUTTON_RIGHT" value="2"/>
	<constant name="BUTTON_MIDDLE" value="3"/>
	<constant name="BUTTON_WHEEL_UP" value="4"/>
	<constant name="BUTTON_WHEEL_DOWN" value="5"/>
	<constant name="BUTTON_MASK_LEFT" value="1"/>
	<constant name="BUTTON_MASK_RIGHT" value="2"/>
	<constant name="BUTTON_MASK_MIDDLE" value="4"/>
	<constant name="JOY_BUTTON_0" value="0"/>
	<constant name="JOY_BUTTON_1" value="1"/>
	<constant name="JOY_BUTTON_2" value="2"/>
	<constant name="JOY_BUTTON_3" value="3"/>
	<constant name="JOY_BUTTON_4" value="4"/>
	<constant name="JOY_BUTTON_5" value="5"/>
	<constant name="JOY_BUTTON_6" value="6"/>
	<constant name="JOY_BUTTON_7" value="7"/>
	<constant name="JOY_BUTTON_8" value="8"/>
	<constant name="JOY_BUTTON_9" value="9"/>
	<constant name="JOY_BUTTON_10" value="10"/>
	<constant name="JOY_BUTTON_11" value="11"/>
	<constant name="JOY_BUTTON_12" value="12"/>
	<constant name="JOY_BUTTON_13" value="13"/>
	<constant name="JOY_BUTTON_14" value="14"/>
	<constant name="JOY_BUTTON_15" value="15"/>
	<constant name="JOY_BUTTON_MAX" value="16"/>
	<constant name="JOY_SNES_A" value="1"/>
	<constant name="JOY_SNES_B" value="0"/>
	<constant name="JOY_SNES_X" value="3"/>
	<constant name="JOY_SNES_Y" value="2"/>
	<constant name="JOY_SONY_CIRCLE" value="1"/>
	<constant name="JOY_SONY_X" value="0"/>
	<constant name="JOY_SONY_SQUARE" value="2"/>
	<constant name="JOY_SONY_TRIANGLE" value="3"/>
	<constant name="JOY_SEGA_B" value="1"/>
	<constant name="JOY_SEGA_A" value="0"/>
	<constant name="JOY_SEGA_X" value="2"/>
	<constant name="JOY_SEGA_Y" value="3"/>
	<constant name="JOY_XBOX_B" value="1"/>
	<constant name="JOY_XBOX_A" value="0"/>
	<constant name="JOY_XBOX_X" value="2"/>
	<constant name="JOY_XBOX_Y" value="3"/>
	<constant name="JOY_DS_A" value="1"/>
	<constant name="JOY_DS_B" value="0"/>
	<constant name="JOY_DS_X" value="3"/>
	<constant name="JOY_DS_Y" value="2"/>
	<constant name="JOY_SELECT" value="10"/>
	<constant name="JOY_START" value="11"/>
	<constant name="JOY_DPAD_UP" value="12"/>
	<constant name="JOY_DPAD_DOWN" value="13"/>
	<constant name="JOY_DPAD_LEFT" value="14"/>
	<constant name="JOY_DPAD_RIGHT" value="15"/>
	<constant name="JOY_L" value="4"/>
	<constant name="JOY_L2" value="6"/>
	<constant name="JOY_L3" value="8"/>
	<constant name="JOY_R" value="5"/>
	<constant name="JOY_R2" value="7"/>
	<constant name="JOY_R3" value="9"/>
	<constant name="JOY_AXIS_0" value="0"/>
	<constant name="JOY_AXIS_1" value="1"/>
	<constant name="JOY_AXIS_2" value="2"/>
	<constant name="JOY_AXIS_3" value="3"/>
	<constant name="JOY_AXIS_4" value="4"/>
	<constant name="JOY_AXIS_5" value="5"/>
	<constant name="JOY_AXIS_6" value="6"/>
	<constant name="JOY_AXIS_7" value="7"/>
	<constant name="JOY_AXIS_MAX" value="8"/>
	<constant name="JOY_ANALOG_0_X" value="0"/>
	<constant name="JOY_ANALOG_0_Y" value="1"/>
	<constant name="JOY_ANALOG_1_X" value="2"/>
	<constant name="JOY_ANALOG_1_Y" value="3"/>
	<constant name="JOY_ANALOG_2_X" value="4"/>
	<constant name="JOY_ANALOG_2_Y" value="5"/>
	<constant name="JOY_ANALOG_L2" value="6"/>
	<constant name="JOY_ANALOG_R2" value="7"/>
	<constant name="OK" value="0"/>
	<constant name="FAILED" value="1"/>
	<constant name="ERR_UNAVAILABLE" value="2"/>
	<constant name="ERR_UNCONFIGURED" value="3"/>
	<constant name="ERR_UNAUTHORIZED" value="4"/>
	<constant name="ERR_PARAMETER_RANGE_ERROR" value="5"/>
	<constant name="ERR_OUT_OF_MEMORY" value="6"/>
	<constant name="ERR_FILE_NOT_FOUND" value="7"/>
	<constant name="ERR_FILE_BAD_DRIVE" value="8"/>
	<constant name="ERR_FILE_BAD_PATH" value="9"/>
	<constant name="ERR_FILE_NO_PERMISSION" value="10"/>
	<constant name="ERR_FILE_ALREADY_IN_USE" value="11"/>
	<constant name="ERR_FILE_CANT_OPEN" value="12"/>
	<constant name="ERR_FILE_CANT_WRITE" value="13"/>
	<constant name="ERR_FILE_CANT_READ" value="14"/>
	<constant name="ERR_FILE_UNRECOGNIZED" value="15"/>
	<constant name="ERR_FILE_CORRUPT" value="16"/>
	<constant name="ERR_FILE_MISSING_DEPENDENCIES" value="17"/>
	<constant name="ERR_FILE_EOF" value="18"/>
	<constant name="ERR_CANT_OPEN" value="19"/>
	<constant name="ERR_CANT_CREATE" value="20"/>
	<constant name="ERROR_QUERY_FAILED" value="21"/>
	<constant name="ERR_ALREADY_IN_USE" value="22"/>
	<constant name="ERR_LOCKED" value="23"/>
	<constant name="ERR_TIMEOUT" value="24"/>
	<constant name="ERR_CANT_AQUIRE_RESOURCE" value="28"/>
	<constant name="ERR_INVALID_DATA" value="30"/>
	<constant name="ERR_INVALID_PARAMETER" value="31"/>
	<constant name="ERR_ALREADY_EXISTS" value="32"/>
	<constant name="ERR_DOES_NOT_EXIST" value="33"/>
	<constant name="ERR_DATABASE_CANT_READ" value="34"/>
	<constant name="ERR_DATABASE_CANT_WRITE" value="35"/>
	<constant name="ERR_COMPILATION_FAILED" value="36"/>
	<constant name="ERR_METHOD_NOT_FOUND" value="37"/>
	<constant name="ERR_LINK_FAILED" value="38"/>
	<constant name="ERR_SCRIPT_FAILED" value="39"/>
	<constant name="ERR_CYCLIC_LINK" value="40"/>
	<constant name="ERR_BUSY" value="44"/>
	<constant name="ERR_HELP" value="46"/>
	<constant name="ERR_BUG" value="47"/>
	<constant name="ERR_WTF" value="49"/>
	<constant name="PROPERTY_HINT_NONE" value="0"/>
	<constant name="PROPERTY_HINT_RANGE" value="1"/>
	<constant name="PROPERTY_HINT_EXP_RANGE" value="2"/>
	<constant name="PROPERTY_HINT_ENUM" value="3"/>
	<constant name="PROPERTY_HINT_EXP_EASING" value="4"/>
	<constant name="PROPERTY_HINT_LENGTH" value="5"/>
	<constant name="PROPERTY_HINT_KEY_ACCEL" value="7"/>
	<constant name="PROPERTY_HINT_FLAGS" value="8"/>
	<constant name="PROPERTY_HINT_ALL_FLAGS" value="9"/>
	<constant name="PROPERTY_HINT_FILE" value="10"/>
	<constant name="PROPERTY_HINT_DIR" value="11"/>
	<constant name="PROPERTY_HINT_GLOBAL_FILE" value="12"/>
	<constant name="PROPERTY_HINT_GLOBAL_DIR" value="13"/>
	<constant name="PROPERTY_HINT_RESOURCE_TYPE" value="14"/>
	<constant name="PROPERTY_HINT_MULTILINE_TEXT" value="15"/>
	<constant name="PROPERTY_HINT_COLOR_NO_ALPHA" value="16"/>
	<constant name="PROPERTY_HINT_IMAGE_COMPRESS_LOSSY" value="17"/>
	<constant name="PROPERTY_HINT_IMAGE_COMPRESS_LOSSLESS" value="18"/>
	<constant name="PROPERTY_USAGE_STORAGE" value="1"/>
	<constant name="PROPERTY_USAGE_STORAGE" value="1"/>
	<constant name="PROPERTY_USAGE_EDITOR" value="2"/>
	<constant name="PROPERTY_USAGE_NETWORK" value="4"/>
	<constant name="PROPERTY_USAGE_DEFAULT" value="7"/>
	<constant name="TYPE_NIL" value="0"/>
	<constant name="TYPE_BOOL" value="1"/>
	<constant name="TYPE_INT" value="2"/>
	<constant name="TYPE_REAL" value="3"/>
	<constant name="TYPE_STRING" value="4"/>
	<constant name="TYPE_VECTOR2" value="5"/>
	<constant name="TYPE_RECT2" value="6"/>
	<constant name="TYPE_VECTOR3" value="7"/>
	<constant name="TYPE_MATRIX32" value="8"/>
	<constant name="TYPE_PLANE" value="9"/>
	<constant name="TYPE_QUAT" value="10"/>
	<constant name="TYPE_AABB" value="11"/>
	<constant name="TYPE_MATRIX3" value="12"/>
	<constant name="TYPE_TRANSFORM" value="13"/>
	<constant name="TYPE_COLOR" value="14"/>
	<constant name="TYPE_IMAGE" value="15"/>
	<constant name="TYPE_NODE_PATH" value="16"/>
	<constant name="TYPE_RID" value="17"/>
	<constant name="TYPE_OBJECT" value="18"/>
	<constant name="TYPE_INPUT_EVENT" value="19"/>
	<constant name="TYPE_DICTIONARY" value="20"/>
	<constant name="TYPE_ARRAY" value="21"/>
	<constant name="TYPE_RAW_ARRAY" value="22"/>
	<constant name="TYPE_INT_ARRAY" value="23"/>
	<constant name="TYPE_REAL_ARRAY" value="24"/>
	<constant name="TYPE_STRING_ARRAY" value="25"/>
	<constant name="TYPE_VECTOR2_ARRAY" value="26"/>
	<constant name="TYPE_VECTOR3_ARRAY" value="27"/>
	<constant name="TYPE_COLOR_ARRAY" value="28"/>
	<constant name="TYPE_MAX" value="29"/>
</constants>