<?xml version="1.0" encoding="UTF-8"?>

<members name="@Global Scope">
	<member name="Performance" type="Performance"/>
	<member name="Globals" type="Globals"/>
	<member name="IP" type="IP"/>
	<member name="Geometry" type="Geometry"/>
	<member name="ResourceLoader" type="ResourceLoader"/>
	<member name="ResourceSaver" type="ResourceSaver"/>
	<member name="PathRemap" type="PathRemap"/>
	<member name="OS" type="OS"/>
	<member name="Marshalls" type="Reference"/>
	<member name="TranslationServer" type="TranslationServer"/>
	<member name="TS" type="TranslationServer"/>
	<member name="Input" type="Input"/>
	<member name="InputMap" type="InputMap"/>
	<member name="VisualServer" type="VisualServer"/>
	<member name="VS" type="VisualServer"/>
	<member name="AudioServer" type="AudioServer"/>
	<member name="AS" type="AudioServer"/>
	<member name="PhysicsServer" type="PhysicsServer"/>
	<member name="PS" type="PhysicsServer"/>
	<member name="Physics2DServer" type="Physics2DServer"/>
	<member name="PS2D" type="Physics2DServer"/>
	<member name="SpatialSoundServer" type="SpatialSoundServer"/>
	<member name="SS" type="SpatialSoundServer"/>
	<member name="SpatialSound2DServer" type="SpatialSound2DServer"/>
	<member name="SS2D" type="SpatialSound2DServer"/>
</members>