<?xml version="1.0" encoding="UTF-8"?>

<methods name="AABB">
	<method name="encloses">
		<description>Return true if this [AABB] completely encloses another one.</description>
	</method>
	<method name="expand">
		<description>Return this [AABB] expanded to include a given point.</description>
	</method>
	<method name="get_area">
		<description>Get the area of the [AABB].</description>
	</method>
	<method name="get_endpoint">
		<description>Get the position of the 8 endpoints of the [AABB] in space.</description>
	</method>
	<method name="get_longest_axis">
		<description>Return the normalized longest axis of the [AABB].</description>
	</method>
	<method name="get_longest_axis_index">
		<description>Return the index of the longest axis of the [AABB] (according to [Vector3]::AXIS* enum).</description>
	</method>
	<method name="get_longest_axis_size">
		<description>Return the scalar length of the longest axis of the [AABB].</description>
	</method>
	<method name="get_shortest_axis">
		<description>Return the normalized shortest axis of the [AABB].</description>
	</method>
	<method name="get_shortest_axis_index">
		<description>Return the index of the shortest axis of the [AABB] (according to [Vector3]::AXIS* enum).</description>
	</method>
	<method name="get_shortest_axis_size">
		<description>Return the scalar length of the shortest axis of the [AABB].</description>
	</method>
	<method name="get_support">
		<description>Return the support point in a given direction. This is useful for collision detection algorithms.</description>
	</method>
	<method name="grow">
		<description>Return a copy of the [AABB] grown a given amount of units towards all the sides.</description>
	</method>
	<method name="has_no_area">
		<description>Return true if the [AABB] is flat or empty.</description>
	</method>
	<method name="has_no_surface">
		<description>Return true if the [AABB] is empty.</description>
	</method>
	<method name="has_point">
		<description>Return true if the [AABB] contains a point.</description>
	</method>
	<method name="intersection">
		<description>Return the intersection between two [AABB]s. An empty AABB (size 0,0,0) is returned on failure.</description>
	</method>
	<method name="intersects">
		<description>Return true if the [AABB] overlaps with another.</description>
	</method>
	<method name="intersects_plane">
		<description>Return true if the [AABB] is at both sides of a plane.</description>
	</method>
	<method name="merge">
		<description>Combine this [AABB] with another, a larger one is returned that contains both.</description>
	</method>
	<method name="AABB">
		<description>Optional constructor, accepts position and size.</description>
	</method>
</methods>