<?xml version="1.0" encoding="UTF-8"?>

<methods name="ButtonGroup">
	<method name="get_pressed_button" qualifiers="const">
		<return type="BaseButton"/>
	</method>
	<method name="get_pressed_button_index" qualifiers="const">
		<return type="int"/>
	</method>
	<method name="get_focused_button" qualifiers="const">
		<return type="BaseButton"/>
	</method>
	<method name="get_button_list" qualifiers="const">
		<return type="Array"/>
	</method>
	<method name="set_pressed_button">
		<argument index="0" name="button" type="BaseButton"/>
	</method>
</methods>