<?xml version="1.0" encoding="UTF-8"?>

<methods name="ColorRamp">
	<method name="add_point">
		<argument index="0" name="offset" type="float"/>
		<argument index="1" name="color" type="Color"/>
	</method>
	<method name="remove_point">
		<argument index="0" name="offset" type="int"/>
	</method>
	<method name="set_offset">
		<argument index="0" name="point" type="int"/>
		<argument index="1" name="offset" type="float"/>
	</method>
	<method name="get_offset" qualifiers="const">
		<return type="float"/>
		<argument index="0" name="point" type="int"/>
	</method>
	<method name="set_color">
		<argument index="0" name="point" type="int"/>
		<argument index="1" name="color" type="Color"/>
	</method>
	<method name="get_color" qualifiers="const">
		<return type="Color"/>
		<argument index="0" name="point" type="int"/>
	</method>
	<method name="interpolate">
		<return type="Color"/>
		<argument index="0" name="offset" type="float"/>
	</method>
	<method name="get_point_count" qualifiers="const">
		<return type="int"/>
	</method>
	<method name="set_offsets">
		<argument index="0" name="offsets" type="RealArray"/>
	</method>
	<method name="get_offsets" qualifiers="const">
		<return type="RealArray"/>
	</method>
	<method name="set_colors">
		<argument index="0" name="colors" type="ColorArray"/>
	</method>
	<method name="get_colors" qualifiers="const">
		<return type="ColorArray"/>
	</method>
</methods>