<?xml version="1.0" encoding="UTF-8"?>

<constants name="Control">
	<constant name="ANCHOR_BEGIN">X is relative to MARGIN_LEFT, Y is relative to MARGIN_TOP.</constant>
	<constant name="ANCHOR_END">X is relative to -MARGIN_RIGHT, Y is relative to -MARGIN_BOTTOM.</constant>
	<constant name="ANCHOR_RATIO">X and Y are a ratio (0 to 1) relative to the parent size 0 is left/top, 1 is right/bottom.</constant>
	<constant name="FOCUS_NONE">Control can&amp;apo;t acquire focus.</constant>
	<constant name="FOCUS_CLICK">Control can acquire focus only if clicked.</constant>
	<constant name="FOCUS_ALL">Control can acquire focus if clicked, or by pressing TAB/Directionals in the keyboard from another Control.</constant>
	<constant name="NOTIFICATION_RESIZED">Control changed size (get_size() reports the new size).</constant>
	<constant name="NOTIFICATION_MOUSE_ENTER">Mouse pointer entered the area of the Control.</constant>
	<constant name="NOTIFICATION_MOUSE_EXIT">Mouse pointer exited the area of the Control.</constant>
	<constant name="NOTIFICATION_FOCUS_ENTER">Control gained focus.</constant>
	<constant name="NOTIFICATION_FOCUS_EXIT">Control lost focus.</constant>
	<constant name="NOTIFICATION_THEME_CHANGED">Theme changed. Redrawing is desired.</constant>
	<constant name="NOTIFICATION_MODAL_CLOSE">Modal control was closed.</constant>
</constants>