<?xml version="1.0" encoding="UTF-8"?>

<methods name="Control">
	<method name="_input_event">
		<description>Called when an input event reaches the control.</description>
	</method>
	<method name="get_minimum_size">
		<description>Return the minimum size this Control can shrink to. A control will never be displayed or resized smaller than its minimum size.</description>
	</method>
	<method name="accept_event">
		<description>Handles the event, no other control will receive it and it will not be sent to nodes waiting on [method Node._unhandled_input] or [method Node._unhandled_key_input].</description>
	</method>
	<method name="get_minimum_size">
		<description>Return the minimum size this Control can shrink to. A control will never be displayed or resized smaller than its minimum size.</description>
	</method>
	<method name="set_anchor">
		<description>Change the anchor (ANCHOR_BEGIN, ANCHOR_END, ANCHOR_RATIO) type for a margin (MARGIN_LEFT, MARGIN_TOP, MARGIN_RIGHT, MARGIN_BOTTOM). Changing the anchor mode converts the current margin offset from the previos anchor mode to the new one, so margin offsets ([method set_margin]) must be done after setting anchors, or at the same time ([method set_anchor_and_margin]).</description>
	</method>
	<method name="get_anchor">
		<description>Return the anchor type (ANCHOR_BEGIN, ANCHOR_END, ANCHOR_RATIO) for a given margin (MARGIN_LEFT, MARGIN_TOP, MARGIN_RIGHT, MARGIN_BOTTOM).</description>
	</method>
	<method name="set_margin">
		<description>Set a margin offset. Margin can be one of (MARGIN_LEFT, MARGIN_TOP, MARGIN_RIGHT, MARGIN_BOTTOM). Offset value being set depends on the anchor mode.</description>
	</method>
	<method name="set_anchor_and_margin">
		<description>Change the anchor (ANCHOR_BEGIN, ANCHOR_END, ANCHOR_RATIO) type for a margin (MARGIN_LEFT, MARGIN_TOP, MARGIN_RIGHT, MARGIN_BOTTOM), and also set its offset. This is a helper (see [method set_anchor] and [method set_margin]).</description>
	</method>
	<method name="set_begin">
		<description>Sets MARGIN_LEFT and MARGIN_TOP at the same time. This is a helper (see [method set_margin]).</description>
	</method>
	<method name="set_end">
		<description>Sets MARGIN_RIGHT and MARGIN_BOTTOM at the same time. This is a helper (see [method set_margin]).</description>
	</method>
	<method name="set_pos">
		<description>Move the Control to a new position, relative to the top-left corner of the parent Control, changing all margins if needed and without changing current anchor mode. This is a helper (see [method set_margin]).</description>
	</method>
	<method name="set_size">
		<description>Changes MARGIN_RIGHT and MARGIN_BOTTOM to fit a given size. This is a helper (see [method set_margin]).</description>
	</method>
	<method name="set_global_pos">
		<description>Move the Control to a new position, relative to the top-left corner of the [i]window[/i] Control, and without changing current anchor mode. (see [method set_margin]).</description>
	</method>
	<method name="get_margin">
		<description>Return a margin offset. Margin can be one of (MARGIN_LEFT, MARGIN_TOP, MARGIN_RIGHT, MARGIN_BOTTOM). Offset value being returned depends on the anchor mode.</description>
	</method>
	<method name="get_end">
		<description>Returns MARGIN_LEFT and MARGIN_TOP at the same time. This is a helper (see [method set_margin]).</description>
	</method>
	<method name="get_pos">
		<description>Returns the Control position, relative to the top-left corner of the parent Control and independly of the anchor mode.</description>
	</method>
	<method name="get_size">
		<description>Returns the size of the Control, computed from all margins, however the size returned will [b]never be smaller than the minimum size reported by [method get_minimum_size][/b]. This means that even if end position of the Control rectangle is smaller than the begin position, the Control will still display and interact correctly. (see description, [method get_minimum_size], [method set_margin], [method set_anchor]).</description>
	</method>
	<method name="get_global_pos">
		<description>Returns the Control position, relative to the top-left corner of the parent Control and independent of the anchor mode.</description>
	</method>
	<method name="get_rect">
		<description>Return position and size of the Control, relative to the top-left corner of the parent Control. This is a helper (see [method get_pos],[method get_size]).</description>
	</method>
	<method name="get_global_rect">
		<description>Return position and size of the Control, relative to the top-left corner of the [i]window[/i] Control. This is a helper (see [method get_global_pos],[method get_size]).</description>
	</method>
	<method name="set_area_as_parent_rect">
		<description>Change all margins and anchors, so this Control always takes up the same area as the parent Control. This is a helper (see [method set_anchor],[method set_margin]).</description>
	</method>
	<method name="show_modal">
		<description>Display a Control as modal. Control must be a subwindow (see [method set_as_subwindow]). Modal controls capture the input signals until closed or the area outside them is accessed. When a modal control loses focus, or the ESC key is pressed, they automatically hide. Modal controls are used extensively for popup dialogs and menus.</description>
	</method>
	<method name="set_focus_mode">
		<description>Set the focus access mode for the control (FOCUS_NONE, FOCUS_CLICK, FOCUS_ALL). Only one Control can be focused at the same time, and it will receive keyboard signals.</description>
	</method>
	<method name="has_focus">
		<description>Return wether the Control is the current focused control (see [method set_focus_mode]).</description>
	</method>
	<method name="grab_focus">
		<description>Steal the focus from another control and become the focused control (see [method set_focus_mode]).</description>
	</method>
	<method name="release_focus">
		<description>Give up the focus, no other control will be able to receive keyboard input.</description>
	</method>
	<method name="get_focus_owner">
		<description>Return which control is owning the keyboard focus, or null if no one.</description>
	</method>
	<method name="set_h_size_flags">
		<description>Hint for containers, set horizontal positioning flags.</description>
	</method>
	<method name="get_h_size_flags">
		<description>Hint for containers, return horizontal positioning flags.</description>
	</method>
	<method name="set_stretch_ratio">
		<description>Hint for containers, set the stretch ratio. This value is relative to other stretch ratio, so if this control has 2 and another has 1, this one will be twice as big.</description>
	</method>
	<method name="get_stretch_ratio">
		<description>Hint for containers, return the stretch ratio. This value is relative to other stretch ratio, so if this control has 2 and another has 1, this one will be twice as big.</description>
	</method>
	<method name="set_v_size_flags">
		<description>Hint for containers, set vertical positioning flags.</description>
	</method>
	<method name="get_v_size_flags">
		<description>Hint for containers, return vertical positioning flags.</description>
	</method>
	<method name="set_theme">
		<description>Override whole the [Theme] for this Control and all its children controls.</description>
	</method>
	<method name="get_theme">
		<description>Return a [Theme] override, if one exists (see [method set_theme]).</description>
	</method>
	<method name="add_icon_override">
		<description>Override a single icon ([Texture]) in the theme of this Control. If texture is empty, override is cleared.</description>
	</method>
	<method name="add_style_override">
		<description>Override a single stylebox ([Stylebox]) in the theme of this Control. If stylebox is empty, override is cleared.</description>
	</method>
	<method name="add_font_override">
		<description>Override a single font (font) in the theme of this Control. If font is empty, override is cleared.</description>
	</method>
	<method name="add_constant_override">
		<description>Override a single constant (integer) in the theme of this Control. If constant equals Theme.INVALID_CONSTANT, override is cleared.</description>
	</method>
	<method name="set_tooltip">
		<description>Set a tooltip, which will appear when the cursor is resting over this control.</description>
	</method>
	<method name="get_tooltip">
		<description>Return the tooltip, which will appear when the cursor is resting over this control.</description>
	</method>
	<method name="set_default_cursor_shape">
		<description>Set the default cursor shape for this control. See enum CURSOR_* for the list of shapes.</description>
	</method>
	<method name="get_default_cursor_shape">
		<description>Return the default cursor shape for this control. See enum CURSOR_* for the list of shapes.</description>
	</method>
	<method name="get_cursor_shape">
		<description>Return the cursor shape at a certain position in the control.</description>
	</method>
	<method name="set_focus_neighbour">
		<description>Force a neighbour for moving the input focus to. When pressing TAB or directional/joypad directions focus is moved to the next control in that direction. However, the neighbour to move to can be forced with this function.</description>
	</method>
	<method name="get_focus_neighbour">
		<description>Return the forced neighbour for moving the input focus to. When pressing TAB or directional/joypad directions focus is moved to the next control in that direction. However, the neighbour to move to can be forced with this function.</description>
	</method>
	<method name="set_ignore_mouse">
		<description>Ignore mouse events on this control (even touchpad events send mouse events).</description>
	</method>
	<method name="is_ignoring_mouse">
		<description>Return if the control is ignoring mouse events (even touchpad events send mouse events).</description>
	</method>
</methods>