<?xml version="1.0" encoding="UTF-8"?>

<signals name="Control">
	<signal name="focus_enter">
		<description>Emitted when keyboard focus is gained.</description>
	</signal>
	<signal name="mouse_enter">
		<description>Emitted when the mouse enters the control area.</description>
	</signal>
	<signal name="resized">
		<description>Emitted when the control changed size.</description>
	</signal>
	<signal name="minimum_size_changed">
		<description>Emitted when the minimum size of the control changed.</description>
	</signal>
	<signal name="size_flags_changed">
		<description>Emitted when the size flags changed.</description>
	</signal>
	<signal name="focus_exit">
		<description>Emitted when the keyboard focus is lost.</description>
	</signal>
	<signal name="input_event">
		<description>Emitted when an input event is received. Connecting in realtime is recommended for accepting the events.</description>
	</signal>
	<signal name="mouse_exit">
		<description>Emitted when the mouse left the control area.</description>
	</signal>
</signals>