<?xml version="1.0" encoding="UTF-8"?>

<constants name="@Global Scope">
	<constant name="MARGIN_LEFT">Left margin, used usually for [Control] or [StyleBox] derived classes.</constant>
	<constant name="MARGIN_TOP">Top margin, used usually for [Control] or [StyleBox] derived classes.</constant>
	<constant name="MARGIN_RIGHT">Right margin, used usually for [Control] or [StyleBox] derived classes.</constant>
	<constant name="MARGIN_BOTTOM">Bottom margin, used usually for [Control] or [StyleBox] derived classes.</constant>
	<constant name="VERTICAL">General vertical alignment, used usually for [Separator], [ScrollBar], [Slider], etc.</constant>
	<constant name="HORIZONTAL">General horizontal alignment, used usually for [Separator], [ScrollBar], [Slider], etc.</constant>
	<constant name="HALIGN_LEFT">Horizontal left alignment, usually for text-derived classes.</constant>
	<constant name="HALIGN_CENTER">Horizontal center alignment, usually for text-derived classes.</constant>
	<constant name="HALIGN_RIGHT">Horizontal right alignment, usually for text-derived classes.</constant>
	<constant name="VALIGN_TOP">Vertical top alignment, usually for text-derived classes.</constant>
	<constant name="VALIGN_CENTER">Vertical center alignment, usually for text-derived classes.</constant>
	<constant name="VALIGN_BOTTOM">Vertical bottom alignment, usually for text-derived classes.</constant>
	<constant name="SPKEY">Scancodes with this bit applied are non printable.</constant>
	<constant name="KEY_ESCAPE">Escape Key</constant>
	<constant name="KEY_TAB">Tab Key</constant>
	<constant name="KEY_BACKTAB">Shift-Tab key</constant>
	<constant name="JOY_BUTTON_0">Joystick Button 0</constant>
	<constant name="JOY_BUTTON_1">Joystick Button 1</constant>
	<constant name="JOY_BUTTON_2">Joystick Button 2</constant>
	<constant name="JOY_BUTTON_3">Joystick Button 3</constant>
	<constant name="JOY_BUTTON_4">Joystick Button 4</constant>
	<constant name="JOY_BUTTON_5">Joystick Button 5</constant>
	<constant name="JOY_BUTTON_6">Joystick Button 6</constant>
	<constant name="JOY_BUTTON_7">Joystick Button 7</constant>
	<constant name="JOY_BUTTON_8">Joystick Button 8</constant>
	<constant name="JOY_BUTTON_9">Joystick Button 9</constant>
	<constant name="JOY_BUTTON_10">Joystick Button 10</constant>
	<constant name="JOY_BUTTON_11">Joystick Button 11</constant>
	<constant name="JOY_BUTTON_12">Joystick Button 12</constant>
	<constant name="JOY_BUTTON_13">Joystick Button 13</constant>
	<constant name="JOY_BUTTON_14">Joystick Button 14</constant>
	<constant name="JOY_BUTTON_15">Joystick Button 15</constant>
	<constant name="JOY_BUTTON_MAX">Joystick Button 16</constant>
	<constant name="OK">Functions that return [Error] return OK when everything went ok. Most functions don&amp;apo;t return error anyway and/or just print errors to stdout.</constant>
	<constant name="FAILED">Generic fail return error.</constant>
	<constant name="PROPERTY_HINT_NONE">No hint for edited property.</constant>
	<constant name="PROPERTY_HINT_RANGE">Hints that the string is a range, defined as &amp;quot;min,max&amp;quot; or &amp;quot;min,max,step&amp;quot;. This is valid for integers and floats.</constant>
	<constant name="PROPERTY_HINT_EXP_RANGE">Hints that the string is an exponential range, defined as &amp;quot;min,max&amp;quot; or &amp;quot;min,max,step&amp;quot;. This is valid for integers and floats.</constant>
	<constant name="PROPERTY_HINT_ENUM">Property hint for an enumerated value, like &amp;quot;Hello,Something,Else&amp;quot;. This is valid for integer, float and string properties.</constant>
	<constant name="PROPERTY_HINT_FLAGS">Property hint for a bitmask description, for bits 0,1,2,3 and 5 the hint would be like &amp;quot;Bit0,Bit1,Bit2,Bit3,,Bit5&amp;quot;. Valid only for integers.</constant>
	<constant name="PROPERTY_HINT_ALL_FLAGS">Property hint for a bitmask description that covers all 32 bits. Valid only for integers.</constant>
	<constant name="PROPERTY_HINT_FILE">String property is a file (so pop up a file dialog when edited). Hint string can be a set of wildcards like &amp;quot;*.doc&amp;quot;.</constant>
	<constant name="PROPERTY_HINT_DIR">String property is a directory (so pop up a file dialog when edited).</constant>
	<constant name="PROPERTY_HINT_RESOURCE_TYPE">String property is a resource, so open the resource popup menu when edited.</constant>
	<constant name="PROPERTY_USAGE_STORAGE">Property will be used as storage (default).</constant>
	<constant name="PROPERTY_USAGE_STORAGE">Property will be used as storage (default).</constant>
	<constant name="PROPERTY_USAGE_EDITOR">Property will be visible in editor (default).</constant>
	<constant name="PROPERTY_USAGE_DEFAULT">Default usage (storage and editor).</constant>
	<constant name="TYPE_NIL">Variable is of type nil (only applied for null).</constant>
	<constant name="TYPE_BOOL">Variable is of type bool.</constant>
	<constant name="TYPE_INT">Variable is of type integer.</constant>
	<constant name="TYPE_REAL">Variable is of type float/real.</constant>
	<constant name="TYPE_STRING">Variable is of type [String].</constant>
	<constant name="TYPE_VECTOR2">Variable is of type [Vector2].</constant>
	<constant name="TYPE_RECT2">Variable is of type [Rect2].</constant>
	<constant name="TYPE_VECTOR3">Variable is of type [Vector3].</constant>
	<constant name="TYPE_MATRIX32">Variable is of type [Matrix32].</constant>
	<constant name="TYPE_PLANE">Variable is of type [Plane].</constant>
	<constant name="TYPE_QUAT">Variable is of type [Quat].</constant>
	<constant name="TYPE_AABB">Variable is of type [AABB].</constant>
	<constant name="TYPE_MATRIX3">Variable is fo type [Matrix3].</constant>
	<constant name="TYPE_TRANSFORM">Variable is fo type [Transform].</constant>
	<constant name="TYPE_COLOR">Variable is fo type [Color].</constant>
	<constant name="TYPE_IMAGE">Variable is fo type [Image].</constant>
	<constant name="TYPE_NODE_PATH">Variable is fo type [NodePath].</constant>
	<constant name="TYPE_RID">Variable is fo type [RID].</constant>
	<constant name="TYPE_OBJECT">Variable is fo type [Object].</constant>
	<constant name="TYPE_INPUT_EVENT">Variable is fo type [InputEvent].</constant>
	<constant name="TYPE_DICTIONARY">Variable is fo type [Dictionary].</constant>
	<constant name="TYPE_ARRAY">Variable is fo type [Array].</constant>
</constants>