<?xml version="1.0" encoding="UTF-8"?>

<methods name="ImageTexture">
	<method name="create">
		<argument index="0" name="width" type="int"/>
		<argument index="1" name="height" type="int"/>
		<argument index="2" name="format" type="int"/>
		<argument default="7" index="3" name="flags" type="int"/>
	</method>
	<method name="create_from_image">
		<argument index="0" name="image" type="Image"/>
		<argument default="7" index="1" name="flags" type="int"/>
	</method>
	<method name="get_format" qualifiers="const">
		<return type="int"/>
	</method>
	<method name="load">
		<argument index="0" name="path" type="String"/>
	</method>
	<method name="set_data">
		<argument index="0" name="image" type="Image"/>
	</method>
	<method name="get_data" qualifiers="const">
		<return type="Image"/>
	</method>
	<method name="set_storage">
		<argument index="0" name="mode" type="int"/>
	</method>
	<method name="get_storage" qualifiers="const">
		<return type="int"/>
	</method>
	<method name="set_lossy_storage_quality">
		<argument index="0" name="quality" type="float"/>
	</method>
	<method name="get_lossy_storage_quality" qualifiers="const">
		<return type="float"/>
	</method>
	<method name="fix_alpha_edges"/>
	<method name="premultiply_alpha"/>
	<method name="normal_to_xy"/>
	<method name="shrink_x2_and_keep_size"/>
	<method name="set_size_override">
		<argument index="0" name="size" type="Vector2"/>
	</method>
</methods>