<?xml version="1.0" encoding="UTF-8"?>

<methods name="GeometryInstance">
	<method name="set_material_override">
		<argument index="0" name="material" type="Object"/>
	</method>
	<method name="get_material_override" qualifiers="const">
		<return type="Object"/>
	</method>
	<method name="set_flag">
		<argument index="0" name="flag" type="int"/>
		<argument index="1" name="value" type="bool"/>
	</method>
	<method name="get_flag" qualifiers="const">
		<return type="bool"/>
		<argument index="0" name="flag" type="int"/>
	</method>
	<method name="set_draw_range_begin">
		<argument index="0" name="mode" type="float"/>
	</method>
	<method name="get_draw_range_begin" qualifiers="const">
		<return type="float"/>
	</method>
	<method name="set_draw_range_end">
		<argument index="0" name="mode" type="float"/>
	</method>
	<method name="get_draw_range_end" qualifiers="const">
		<return type="float"/>
	</method>
	<method name="set_baked_light_texture_id">
		<argument index="0" name="id" type="int"/>
	</method>
	<method name="get_baked_light_texture_id" qualifiers="const">
		<return type="int"/>
	</method>
	<method name="set_extra_cull_margin">
		<argument index="0" name="margin" type="float"/>
	</method>
	<method name="get_extra_cull_margin" qualifiers="const">
		<return type="float"/>
	</method>
</methods>