<?xml version="1.0" encoding="UTF-8"?>

<methods name="Button">
	<method name="set_text">
		<description>Set the button text, which will be displayed inside the button area.</description>
	</method>
	<method name="get_text">
		<description>Return the button text.</description>
	</method>
	<method name="set_flat">
		<description>Set the [i]flat[/i] property of a Button. Flat buttons don&amp;apo;t display decoration unless hoevered or pressed.</description>
	</method>
	<method name="set_clip_text">
		<description>Set the [i]clip_text[/i] property of a Button. When this property is enabled, text that is too large to fit the button is clipped, when disabled (default) the Button will always be wide enough to hold the text.</description>
	</method>
	<method name="get_clip_text">
		<description>Return the state of the [i]clip_text[/i] property (see [method set_clip_text])</description>
	</method>
	<method name="is_flat">
		<description>Return the state of the [i]flat[/i] property (see [method set_flat])</description>
	</method>
</methods>