<?xml version="1.0" encoding="UTF-8"?>

<methods name="ColorRamp">
	<method name="
g
e
t
_
o
f
f
s
e
t
">
		<return>
</return>
	</method>
	<method name="
g
e
t
_
c
o
l
o
r
">
		<return>
</return>
	</method>
	<method name="
i
n
t
e
r
p
o
l
a
t
e
">
		<return>
</return>
	</method>
	<method name="
g
e
t
_
p
o
i
n
t
_
c
o
u
n
t
">
		<return>
</return>
	</method>
	<method name="
g
e
t
_
o
f
f
s
e
t
s
">
		<return>
</return>
	</method>
	<method name="
g
e
t
_
c
o
l
o
r
s
">
		<return>
</return>
	</method>
</methods>