<?xml version="1.0" encoding="UTF-8"?>

<methods name="Geometry">
	<method name="build_box_planes">
		<return type="Array"/>
		<argument index="0" name="extents" type="Vector3"/>
	</method>
	<method name="build_cylinder_planes">
		<return type="Array"/>
		<argument index="0" name="radius" type="float"/>
		<argument index="1" name="height" type="float"/>
		<argument index="2" name="sides" type="int"/>
		<argument default="2" index="3" name="axis" type="int"/>
	</method>
	<method name="build_capsule_planes">
		<return type="Array"/>
		<argument index="0" name="radius" type="float"/>
		<argument index="1" name="height" type="float"/>
		<argument index="2" name="sides" type="int"/>
		<argument index="3" name="lats" type="int"/>
		<argument default="2" index="4" name="axis" type="int"/>
	</method>
	<method name="segment_intersects_circle">
		<return type="float"/>
		<argument index="0" name="segment_from" type="Vector2"/>
		<argument index="1" name="segment_to" type="Vector2"/>
		<argument index="2" name="circle_pos" type="Vector2"/>
		<argument index="3" name="circle_radius" type="float"/>
	</method>
	<method name="segment_intersects_segment_2d">
		<argument index="0" name="from_a" type="Vector2"/>
		<argument index="1" name="to_a" type="Vector2"/>
		<argument index="2" name="from_b" type="Vector2"/>
		<argument index="3" name="to_b" type="Vector2"/>
	</method>
	<method name="get_closest_points_between_segments_2d">
		<return type="Vector2Array"/>
		<argument index="0" name="p1" type="Vector2"/>
		<argument index="1" name="q1" type="Vector2"/>
		<argument index="2" name="p2" type="Vector2"/>
		<argument index="3" name="q2" type="Vector2"/>
	</method>
	<method name="get_closest_points_between_segments">
		<return type="Vector3Array"/>
		<argument index="0" name="p1" type="Vector3"/>
		<argument index="1" name="p2" type="Vector3"/>
		<argument index="2" name="q1" type="Vector3"/>
		<argument index="3" name="q2" type="Vector3"/>
	</method>
	<method name="get_closest_point_to_segment">
		<return type="Vector3"/>
		<argument index="0" name="point" type="Vector3"/>
		<argument index="1" name="s1" type="Vector3"/>
		<argument index="2" name="s2" type="Vector3"/>
	</method>
	<method name="get_uv84_normal_bit">
		<return type="int"/>
		<argument index="0" name="normal" type="Vector3"/>
	</method>
	<method name="ray_intersects_triangle">
		<argument index="0" name="from" type="Vector3"/>
		<argument index="1" name="dir" type="Vector3"/>
		<argument index="2" name="a" type="Vector3"/>
		<argument index="3" name="b" type="Vector3"/>
		<argument index="4" name="c" type="Vector3"/>
	</method>
	<method name="segment_intersects_triangle">
		<argument index="0" name="from" type="Vector3"/>
		<argument index="1" name="to" type="Vector3"/>
		<argument index="2" name="a" type="Vector3"/>
		<argument index="3" name="b" type="Vector3"/>
		<argument index="4" name="c" type="Vector3"/>
	</method>
	<method name="segment_intersects_sphere">
		<return type="Vector3Array"/>
		<argument index="0" name="from" type="Vector3"/>
		<argument index="1" name="to" type="Vector3"/>
		<argument index="2" name="spos" type="Vector3"/>
		<argument index="3" name="sradius" type="float"/>
	</method>
	<method name="segment_intersects_cylinder">
		<return type="Vector3Array"/>
		<argument index="0" name="from" type="Vector3"/>
		<argument index="1" name="to" type="Vector3"/>
		<argument index="2" name="height" type="float"/>
		<argument index="3" name="radius" type="float"/>
	</method>
	<method name="segment_intersects_convex">
		<return type="Vector3Array"/>
		<argument index="0" name="from" type="Vector3"/>
		<argument index="1" name="to" type="Vector3"/>
		<argument index="2" name="planes" type="Array"/>
	</method>
	<method name="point_is_inside_triangle" qualifiers="const">
		<return type="bool"/>
		<argument index="0" name="point" type="Vector2"/>
		<argument index="1" name="a" type="Vector2"/>
		<argument index="2" name="b" type="Vector2"/>
		<argument index="3" name="c" type="Vector2"/>
	</method>
	<method name="triangulate_polygon">
		<return type="IntArray"/>
		<argument index="0" name="polygon" type="Vector2Array"/>
	</method>
	<method name="make_atlas">
		<return type="Dictionary"/>
		<argument index="0" name="sizes" type="Vector2Array"/>
	</method>
</methods>