<?xml version="1.0" encoding="UTF-8"?>

<methods name="ConvexPolygonShape2D">
	<method name="set_point_cloud">
		<description>Currently, this method does nothing.</description>
	</method>
	<method name="set_points">
		<description>Set a list of points in either clockwise or counter clockwise order, forming a convex polygon.</description>
	</method>
	<method name="get_points">
		<description>Return a list of points in either clockwise or counter clockwise order, forming a convex polygon.</description>
	</method>
</methods>