<?xml version="1.0" encoding="UTF-8"?>

<members name="InputEventMouseButton">
	<member name="type" type="int"/>
	<member name="device" type="int"/>
	<member name="ID" type="int"/>
	<member name="shift" type="bool"/>
	<member name="alt" type="bool"/>
	<member name="control" type="bool"/>
	<member name="meta" type="bool"/>
	<member name="button_mask" type="int"/>
	<member name="x" type="int"/>
	<member name="y" type="int"/>
	<member name="pos" type="Vector2"/>
	<member name="global_x" type="int"/>
	<member name="global_y" type="int"/>
	<member name="global_pos" type="Vector2"/>
	<member name="button_index" type="int"/>
	<member name="pressed" type="bool"/>
	<member name="doubleclick" type="bool"/>
</members>