<?xml version="1.0" encoding="UTF-8"?>

<methods name="Light2D">
	<method name="set_enabled">
		<argument index="0" name="enabled" type="bool"/>
	</method>
	<method name="is_enabled" qualifiers="const">
		<return type="bool"/>
	</method>
	<method name="set_texture">
		<argument index="0" name="texture" type="Object"/>
	</method>
	<method name="get_texture" qualifiers="const">
		<return type="Object"/>
	</method>
	<method name="set_texture_offset">
		<argument index="0" name="texture_offset" type="Vector2"/>
	</method>
	<method name="get_texture_offset" qualifiers="const">
		<return type="Vector2"/>
	</method>
	<method name="set_color">
		<argument index="0" name="color" type="Color"/>
	</method>
	<method name="get_color" qualifiers="const">
		<return type="Color"/>
	</method>
	<method name="set_height">
		<argument index="0" name="height" type="float"/>
	</method>
	<method name="get_height" qualifiers="const">
		<return type="float"/>
	</method>
	<method name="set_energy">
		<argument index="0" name="energy" type="float"/>
	</method>
	<method name="get_energy" qualifiers="const">
		<return type="float"/>
	</method>
	<method name="set_texture_scale">
		<argument index="0" name="texture_scale" type="float"/>
	</method>
	<method name="get_texture_scale" qualifiers="const">
		<return type="float"/>
	</method>
	<method name="set_z_range_min">
		<argument index="0" name="z" type="int"/>
	</method>
	<method name="get_z_range_min" qualifiers="const">
		<return type="int"/>
	</method>
	<method name="set_z_range_max">
		<argument index="0" name="z" type="int"/>
	</method>
	<method name="get_z_range_max" qualifiers="const">
		<return type="int"/>
	</method>
	<method name="set_layer_range_min">
		<argument index="0" name="layer" type="int"/>
	</method>
	<method name="get_layer_range_min" qualifiers="const">
		<return type="int"/>
	</method>
	<method name="set_layer_range_max">
		<argument index="0" name="layer" type="int"/>
	</method>
	<method name="get_layer_range_max" qualifiers="const">
		<return type="int"/>
	</method>
	<method name="set_item_mask">
		<argument index="0" name="item_mask" type="int"/>
	</method>
	<method name="get_item_mask" qualifiers="const">
		<return type="int"/>
	</method>
	<method name="set_item_shadow_mask">
		<argument index="0" name="item_shadow_mask" type="int"/>
	</method>
	<method name="get_item_shadow_mask" qualifiers="const">
		<return type="int"/>
	</method>
	<method name="set_mode">
		<argument index="0" name="mode" type="int"/>
	</method>
	<method name="get_mode" qualifiers="const">
		<return type="int"/>
	</method>
	<method name="set_shadow_enabled">
		<argument index="0" name="enabled" type="bool"/>
	</method>
	<method name="is_shadow_enabled" qualifiers="const">
		<return type="bool"/>
	</method>
	<method name="set_shadow_buffer_size">
		<argument index="0" name="size" type="int"/>
	</method>
	<method name="get_shadow_buffer_size" qualifiers="const">
		<return type="int"/>
	</method>
	<method name="set_shadow_esm_multiplier">
		<argument index="0" name="multiplier" type="float"/>
	</method>
	<method name="get_shadow_esm_multiplier" qualifiers="const">
		<return type="float"/>
	</method>
	<method name="set_shadow_color">
		<argument index="0" name="shadow_color" type="Color"/>
	</method>
	<method name="get_shadow_color" qualifiers="const">
		<return type="Color"/>
	</method>
</methods>