<?xml version="1.0" encoding="UTF-8"?>

<methods name="StringArray">
	<method name="push_back">
		<argument index="0" name="string" type="String"/>
	</method>
	<method name="resize">
		<argument index="0" name="idx" type="int"/>
	</method>
	<method name="set">
		<argument index="0" name="idx" type="int"/>
		<argument index="1" name="string" type="String"/>
	</method>
	<method name="size">
		<return type="int"/>
	</method>
	<method name="StringArray">
		<return type="StringArray"/>
		<argument index="0" name="from" type="Array"/>
	</method>
</methods>