<?xml version="1.0" encoding="UTF-8"?>

<methods name="Font">
	<method name="set_height">
		<description>Set the total font height (ascent plus descent) in pixels.</description>
	</method>
	<method name="get_height">
		<description>Return the total font height (ascent plus descent) in pixels.</description>
	</method>
	<method name="set_ascent">
		<description>Set the font ascent (number of pixels above the baseline).</description>
	</method>
	<method name="get_ascent">
		<description>Return the font ascent (number of pixels above the baseline).</description>
	</method>
	<method name="get_descent">
		<description>Return the font descent (number of pixels below the baseline).</description>
	</method>
	<method name="add_kerning_pair">
		<description>Add a kerning pair to the [Font] as a difference. Kerning pairs are special cases where a typeface advance is determined by the next character.</description>
	</method>
	<method name="get_kerning_pair">
		<description>Return a kerning pair as a difference. Kerning pairs are special cases where a typeface advance is determined by the next character.</description>
	</method>
	<method name="add_texture">
		<description>Add a texture to the [Font].</description>
	</method>
	<method name="add_char">
		<description>Add a character to the font, where &amp;quot;character&amp;quot; is the unicode value, &amp;quot;texture&amp;quot; is the texture index, &amp;quot;rect&amp;quot; is the region in the texture (in pixels!), &amp;quot;align&amp;quot; is the (optional) alignment for the character and &amp;quot;advance&amp;quot; is the (optional) advance.</description>
	</method>
	<method name="get_char_size">
		<description>Return the size of a character, optionally taking kerning into account if the next character is provided.</description>
	</method>
	<method name="get_string_size">
		<description>Return the size of a string, taking kerning and advance into account.</description>
	</method>
	<method name="clear">
		<description>Clear all the font data.</description>
	</method>
	<method name="draw">
		<description>Draw &amp;quot;string&amp;quot; into a canvas item using the font at a given &amp;quot;pos&amp;quot; position, with &amp;quot;modulate&amp;quot; color, and optionally clipping the width. &amp;quot;pos&amp;quot; specifies te baseline, not the top. To draw from the top, [i]ascent[/i] must be added to the Y axis.</description>
	</method>
	<method name="draw_char">
		<description>Draw character &amp;quot;char&amp;quot; into a canvas item using the font at a given &amp;quot;pos&amp;quot; position, with &amp;quot;modulate&amp;quot; color, and optionally kerning if &amp;quot;next&amp;quot; is apassed. clipping the width. &amp;quot;pos&amp;quot; specifies te baseline, not the top. To draw from the top, [i]ascent[/i] must be added to the Y axis. The width used by the character is returned, making this function useful for drawing strings character by character.</description>
	</method>
</methods>