<?xml version="1.0" encoding="UTF-8"?>

<methods name="PacketPeerUDP">
	<method name="listen">
		<return type="Error"/>
		<argument index="0" name="port" type="int"/>
		<argument default="65536" index="1" name="recv_buf_size" type="int"/>
	</method>
	<method name="close"/>
	<method name="wait">
		<return type="Error"/>
	</method>
	<method name="is_listening" qualifiers="const">
		<return type="bool"/>
	</method>
	<method name="get_packet_ip" qualifiers="const">
		<return type="String"/>
	</method>
	<method name="get_packet_address" qualifiers="const">
		<return type="int"/>
	</method>
	<method name="get_packet_port" qualifiers="const">
		<return type="int"/>
	</method>
	<method name="set_send_address">
		<return type="int"/>
		<argument index="0" name="host" type="String"/>
		<argument index="1" name="port" type="int"/>
	</method>
</methods>