<?xml version="1.0" encoding="UTF-8"?>

<constants name="HingeJoint">
	<constant name="PARAM_BIAS" value="0"/>
	<constant name="PARAM_LIMIT_UPPER" value="1"/>
	<constant name="PARAM_LIMIT_LOWER" value="2"/>
	<constant name="PARAM_LIMIT_BIAS" value="3"/>
	<constant name="PARAM_LIMIT_SOFTNESS" value="4"/>
	<constant name="PARAM_LIMIT_RELAXATION" value="5"/>
	<constant name="PARAM_MOTOR_TARGET_VELOCITY" value="6"/>
	<constant name="PARAM_MOTOR_MAX_IMPULSE" value="7"/>
	<constant name="PARAM_MAX" value="8"/>
	<constant name="FLAG_USE_LIMIT" value="0"/>
	<constant name="FLAG_ENABLE_MOTOR" value="1"/>
	<constant name="FLAG_MAX" value="2"/>
</constants>