<?xml version="1.0" encoding="UTF-8"?>

<methods name="HingeJoint">
	<method name="set_param">
		<argument index="0" name="param" type="int"/>
		<argument index="1" name="value" type="float"/>
	</method>
	<method name="get_param" qualifiers="const">
		<return type="float"/>
		<argument index="0" name="param" type="int"/>
	</method>
	<method name="set_flag">
		<argument index="0" name="flag" type="int"/>
		<argument index="1" name="enabled" type="bool"/>
	</method>
	<method name="get_flag" qualifiers="const">
		<return type="bool"/>
		<argument index="0" name="flag" type="int"/>
	</method>
</methods>