<?xml version="1.0" encoding="UTF-8"?>

<methods name="CollisionShape2D">
	<method name="set_shape">
		<description>Set this shape&amp;apo;s [Shape2D]. This will not appear as a node, but can be directly edited as a property.</description>
	</method>
	<method name="get_shape">
		<description>Return this shape&amp;apo;s [Shape2D].</description>
	</method>
	<method name="set_trigger">
		<description>Set whether this shape is a trigger. A trigger shape detects collisions, but is otherwise unaffected by physics (i.e. will not block movement of colliding objects).</description>
	</method>
	<method name="is_trigger">
		<description>Return whether this shape is a trigger.</description>
	</method>
	<method name="get_collision_object_shape_index">
		<description>Return the index of this shape inside its container [CollisionObject2D]. This can be used to directly access the underlying [Shape2D].</description>
	</method>
</methods>