<?xml version="1.0" encoding="UTF-8"?>

<methods name="InputMap">
	<method name="
h
a
s
_
a
c
t
i
o
n
">
		<return>
</return>
	</method>
	<method name="
g
e
t
_
a
c
t
i
o
n
_
i
d
">
		<return>
</return>
	</method>
	<method name="
g
e
t
_
a
c
t
i
o
n
_
f
r
o
m
_
i
d
">
		<return>
</return>
	</method>
	<method name="
a
c
t
i
o
n
_
h
a
s
_
e
v
e
n
t
">
		<return>
</return>
	</method>
	<method name="
g
e
t
_
a
c
t
i
o
n
_
l
i
s
t
">
		<return>
</return>
	</method>
	<method name="
e
v
e
n
t
_
i
s
_
a
c
t
i
o
n
">
		<return>
</return>
	</method>
</methods>