<?xml version="1.0" encoding="UTF-8"?>

<methods name="@GDScript">
	<method name="sin">
		<return type="float"/>
		<argument index="0" name="s" type="float"/>
	</method>
	<method name="cos">
		<return type="float"/>
		<argument index="0" name="s" type="float"/>
	</method>
	<method name="tan">
		<return type="float"/>
		<argument index="0" name="s" type="float"/>
	</method>
	<method name="sinh">
		<return type="float"/>
		<argument index="0" name="s" type="float"/>
	</method>
	<method name="cosh">
		<return type="float"/>
		<argument index="0" name="s" type="float"/>
	</method>
	<method name="tanh">
		<return type="float"/>
		<argument index="0" name="s" type="float"/>
	</method>
	<method name="asin">
		<return type="float"/>
		<argument index="0" name="s" type="float"/>
	</method>
	<method name="acos">
		<return type="float"/>
		<argument index="0" name="s" type="float"/>
	</method>
	<method name="atan">
		<return type="float"/>
		<argument index="0" name="s" type="float"/>
	</method>
	<method name="atan2">
		<return type="float"/>
		<argument index="0" name="x" type="float"/>
		<argument index="1" name="y" type="float"/>
	</method>
	<method name="sqrt">
		<return type="float"/>
		<argument index="0" name="s" type="float"/>
	</method>
	<method name="fmod">
		<return type="float"/>
		<argument index="0" name="x" type="float"/>
		<argument index="1" name="y" type="float"/>
	</method>
	<method name="fposmod">
		<return type="float"/>
		<argument index="0" name="x" type="float"/>
		<argument index="1" name="y" type="float"/>
	</method>
	<method name="floor">
		<return type="float"/>
		<argument index="0" name="s" type="float"/>
	</method>
	<method name="ceil">
		<return type="float"/>
		<argument index="0" name="s" type="float"/>
	</method>
	<method name="round">
		<return type="float"/>
		<argument index="0" name="s" type="float"/>
	</method>
	<method name="abs">
		<return type="float"/>
		<argument index="0" name="s" type="float"/>
	</method>
	<method name="sign">
		<return type="float"/>
		<argument index="0" name="s" type="float"/>
	</method>
	<method name="pow">
		<return type="float"/>
		<argument index="0" name="x" type="float"/>
		<argument index="1" name="y" type="float"/>
	</method>
	<method name="log">
		<return type="float"/>
		<argument index="0" name="s" type="float"/>
	</method>
	<method name="exp">
		<return type="float"/>
		<argument index="0" name="s" type="float"/>
	</method>
	<method name="isnan">
		<return type="float"/>
		<argument index="0" name="s" type="float"/>
	</method>
	<method name="isinf">
		<return type="float"/>
		<argument index="0" name="s" type="float"/>
	</method>
	<method name="ease">
		<return type="float"/>
		<argument index="0" name="s" type="float"/>
		<argument index="1" name="curve" type="float"/>
	</method>
	<method name="decimals">
		<return type="float"/>
		<argument index="0" name="step" type="float"/>
	</method>
	<method name="stepify">
		<return type="float"/>
		<argument index="0" name="s" type="float"/>
		<argument index="1" name="step" type="float"/>
	</method>
	<method name="lerp">
		<return type="float"/>
		<argument index="0" name="from" type="float"/>
		<argument index="1" name="to" type="float"/>
		<argument index="2" name="weight" type="float"/>
	</method>
	<method name="dectime">
		<return type="float"/>
		<argument index="0" name="value" type="float"/>
		<argument index="1" name="amount" type="float"/>
		<argument index="2" name="step" type="float"/>
	</method>
	<method name="randomize">
		<return type="Nil"/>
	</method>
	<method name="randi">
		<return type="int"/>
	</method>
	<method name="randf">
		<return type="float"/>
	</method>
	<method name="rand_range">
		<return type="float"/>
		<argument index="0" name="from" type="float"/>
		<argument index="1" name="to" type="float"/>
	</method>
	<method name="seed">
		<return type="Nil"/>
		<argument index="0" name="seed" type="float"/>
	</method>
	<method name="rand_seed">
		<return type="Array"/>
		<argument index="0" name="seed" type="float"/>
	</method>
	<method name="deg2rad">
		<return type="float"/>
		<argument index="0" name="deg" type="float"/>
	</method>
	<method name="rad2deg">
		<return type="float"/>
		<argument index="0" name="rad" type="float"/>
	</method>
	<method name="linear2db">
		<return type="float"/>
		<argument index="0" name="nrg" type="float"/>
	</method>
	<method name="db2linear">
		<return type="float"/>
		<argument index="0" name="db" type="float"/>
	</method>
	<method name="max">
		<return type="float"/>
		<argument index="0" name="a" type="float"/>
		<argument index="1" name="b" type="float"/>
	</method>
	<method name="min">
		<return type="float"/>
		<argument index="0" name="a" type="float"/>
		<argument index="1" name="b" type="float"/>
	</method>
	<method name="clamp">
		<return type="float"/>
		<argument index="0" name="val" type="float"/>
		<argument index="1" name="min" type="float"/>
		<argument index="2" name="max" type="float"/>
	</method>
	<method name="nearest_po2">
		<return type="int"/>
		<argument index="0" name="val" type="int"/>
	</method>
	<method name="weakref">
		<return type="WeakRef"/>
		<argument index="0" name="obj" type="Object"/>
	</method>
	<method name="funcref">
		<return type="FuncRef"/>
		<argument index="0" name="instance" type="Object"/>
		<argument index="1" name="funcname" type="String"/>
	</method>
	<method name="convert">
		<return type="Object"/>
		<argument index="0" name="what" type="Variant"/>
		<argument index="1" name="type" type="int"/>
	</method>
	<method name="typeof">
		<return type="int"/>
		<argument index="0" name="what" type="Variant"/>
	</method>
	<method name="str">
		<return type="String"/>
		<argument index="0" name="what" type="Variant"/>
		<argument index="1" name="..." type="Variant"/>
	</method>
	<method name="print">
		<return type="Nil"/>
		<argument index="0" name="what" type="Variant"/>
		<argument index="1" name="..." type="Variant"/>
	</method>
	<method name="printt">
		<return type="Nil"/>
		<argument index="0" name="what" type="Variant"/>
		<argument index="1" name="..." type="Variant"/>
	</method>
	<method name="prints">
		<return type="Nil"/>
		<argument index="0" name="what" type="Variant"/>
		<argument index="1" name="..." type="Variant"/>
	</method>
	<method name="printerr">
		<return type="Nil"/>
		<argument index="0" name="what" type="Variant"/>
		<argument index="1" name="..." type="Variant"/>
	</method>
	<method name="printraw">
		<return type="Nil"/>
		<argument index="0" name="what" type="Variant"/>
		<argument index="1" name="..." type="Variant"/>
	</method>
	<method name="var2str">
		<return type="String"/>
		<argument index="0" name="var" type="Variant"/>
	</method>
	<method name="str2var">
		<return type="Variant"/>
		<argument index="0" name="string" type="String"/>
	</method>
	<method name="var2bytes">
		<return type="RawArray"/>
		<argument index="0" name="var" type="Variant"/>
	</method>
	<method name="bytes2var">
		<return type="Variant"/>
		<argument index="0" name="bytes" type="RawArray"/>
	</method>
	<method name="range">
		<return type="Array"/>
		<argument index="0" name="..." type="Variant"/>
	</method>
	<method name="load">
		<return type="Resource"/>
		<argument index="0" name="path" type="String"/>
	</method>
	<method name="inst2dict">
		<return type="Dictionary"/>
		<argument index="0" name="inst" type="Object"/>
	</method>
	<method name="dict2inst">
		<return type="Object"/>
		<argument index="0" name="dict" type="Dictionary"/>
	</method>
	<method name="hash">
		<return type="int"/>
		<argument index="0" name="var:Variant" type="Variant"/>
	</method>
	<method name="Color8">
		<return type="Color"/>
		<argument index="0" name="r8" type="int"/>
		<argument index="1" name="g8" type="int"/>
		<argument index="2" name="b8" type="int"/>
		<argument index="3" name="a8" type="int"/>
	</method>
	<method name="print_stack">
		<return type="Nil"/>
	</method>
	<method name="instance_from_id">
		<return type="Object"/>
		<argument index="0" name="instance_id" type="int"/>
	</method>
</methods>