<?xml version="1.0" encoding="UTF-8"?>

<methods name="Color">
	<method name="blend">
		<return type="Color"/>
		<argument index="0" name="over" type="Color"/>
	</method>
	<method name="contrasted">
		<return type="Color"/>
	</method>
	<method name="gray">
		<return type="float"/>
	</method>
	<method name="inverted">
		<return type="Color"/>
	</method>
	<method name="linear_interpolate">
		<return type="Color"/>
		<argument index="0" name="b" type="Color"/>
		<argument index="1" name="t" type="float"/>
	</method>
	<method name="to_32">
		<return type="int"/>
	</method>
	<method name="to_ARGB32">
		<return type="int"/>
	</method>
	<method name="to_html">
		<return type="String"/>
		<argument default="True" index="0" name="with_alpha" type="bool"/>
	</method>
	<method name="Color">
		<return type="Color"/>
		<argument index="0" name="r" type="float"/>
		<argument index="1" name="g" type="float"/>
		<argument index="2" name="b" type="float"/>
		<argument index="3" name="a" type="float"/>
	</method>
	<method name="Color">
		<return type="Color"/>
		<argument index="0" name="r" type="float"/>
		<argument index="1" name="g" type="float"/>
		<argument index="2" name="b" type="float"/>
	</method>
	<method name="Color">
		<return type="Color"/>
		<argument index="0" name="from" type="int"/>
	</method>
	<method name="Color">
		<return type="Color"/>
		<argument index="0" name="from" type="String"/>
	</method>
</methods>