<?xml version="1.0" encoding="UTF-8"?>

<methods name="InputMap">
	<method name="has_action" qualifiers="const">
		<return type="bool"/>
		<argument index="0" name="action" type="String"/>
	</method>
	<method name="get_action_id" qualifiers="const">
		<return type="int"/>
		<argument index="0" name="action" type="String"/>
	</method>
	<method name="get_action_from_id" qualifiers="const">
		<return type="String"/>
		<argument index="0" name="id" type="int"/>
	</method>
	<method name="add_action">
		<argument index="0" name="action" type="String"/>
	</method>
	<method name="erase_action">
		<argument index="0" name="action" type="String"/>
	</method>
	<method name="action_add_event">
		<argument index="0" name="action" type="String"/>
		<argument index="1" name="event" type="InputEvent"/>
	</method>
	<method name="action_has_event">
		<return type="bool"/>
		<argument index="0" name="action" type="String"/>
		<argument index="1" name="event" type="InputEvent"/>
	</method>
	<method name="action_erase_event">
		<argument index="0" name="action" type="String"/>
		<argument index="1" name="event" type="InputEvent"/>
	</method>
	<method name="get_action_list">
		<return type="Array"/>
		<argument index="0" name="action" type="String"/>
	</method>
	<method name="event_is_action" qualifiers="const">
		<return type="bool"/>
		<argument index="0" name="event" type="InputEvent"/>
		<argument index="1" name="action" type="String"/>
	</method>
	<method name="load_from_globals"/>
</methods>