<?xml version="1.0" encoding="UTF-8"?>

<methods name="AcceptDialog">
	<method name="get_ok">
		<description>Return the OK Button.</description>
	</method>
	<method name="get_label">
		<description>Return the label used for built-in text.</description>
	</method>
	<method name="set_hide_on_ok">
		<description>Set whether the dialog is hidden when accepted (default true).</description>
	</method>
	<method name="get_hide_on_ok">
		<description>Return true if the dialog will be hidden when accepted (default true).</description>
	</method>
	<method name="register_text_enter">
		<description>Register a [LineEdit] in the dialog. When the enter key is pressed, the dialog will be accepted.</description>
	</method>
	<method name="set_text">
		<description>Set the built-in label text.</description>
	</method>
	<method name="get_text">
		<description>Return the built-in label text.</description>
	</method>
</methods>