<?xml version="1.0" encoding="UTF-8"?>

<methods name="CollisionObject">
	<method name="_input_event" qualifiers="virtual">
		<argument index="0" name="camera" type="Object"/>
		<argument index="1" name="event" type="InputEvent"/>
		<argument index="2" name="click_pos" type="Vector3"/>
		<argument index="3" name="click_normal" type="Vector3"/>
		<argument index="4" name="shape_idx" type="int"/>
	</method>
	<method name="add_shape">
		<argument index="0" name="shape" type="Shape"/>
		<argument default="Transform()" index="1" name="transform" type="Transform"/>
	</method>
	<method name="get_shape_count" qualifiers="const">
		<return type="int"/>
	</method>
	<method name="set_shape">
		<argument index="0" name="shape_idx" type="int"/>
		<argument index="1" name="shape" type="Shape"/>
	</method>
	<method name="set_shape_transform">
		<argument index="0" name="shape_idx" type="int"/>
		<argument index="1" name="transform" type="Transform"/>
	</method>
	<method name="set_shape_as_trigger">
		<argument index="0" name="shape_idx" type="int"/>
		<argument index="1" name="enable" type="bool"/>
	</method>
	<method name="is_shape_set_as_trigger" qualifiers="const">
		<return type="bool"/>
		<argument index="0" name="shape_idx" type="int"/>
	</method>
	<method name="get_shape" qualifiers="const">
		<return type="Shape"/>
		<argument index="0" name="shape_idx" type="int"/>
	</method>
	<method name="get_shape_transform" qualifiers="const">
		<return type="Transform"/>
		<argument index="0" name="shape_idx" type="int"/>
	</method>
	<method name="remove_shape">
		<argument index="0" name="shape_idx" type="int"/>
	</method>
	<method name="clear_shapes"/>
	<method name="set_ray_pickable">
		<argument index="0" name="ray_pickable" type="bool"/>
	</method>
	<method name="is_ray_pickable" qualifiers="const">
		<return type="bool"/>
	</method>
	<method name="set_capture_input_on_drag">
		<argument index="0" name="enable" type="bool"/>
	</method>
	<method name="get_capture_input_on_drag" qualifiers="const">
		<return type="bool"/>
	</method>
	<method name="get_rid" qualifiers="const">
		<return type="RID"/>
	</method>
</methods>