<?xml version="1.0" encoding="UTF-8"?>

<members name="InputEventScreenDrag">
	<member name="type" type="int"/>
	<member name="device" type="int"/>
	<member name="ID" type="int"/>
	<member name="index" type="int"/>
	<member name="x" type="float"/>
	<member name="y" type="float"/>
	<member name="pos" type="Vector2"/>
	<member name="relative_x" type="float"/>
	<member name="relative_y" type="float"/>
	<member name="relative_pos" type="Vector2"/>
	<member name="speed_x" type="float"/>
	<member name="speed_y" type="float"/>
	<member name="speed" type="Vector2"/>
</members>