<?xml version="1.0" encoding="UTF-8"?>

<methods name="InputEventScreenDrag">
	<method name="is_action">
		<return type="bool"/>
		<argument index="0" name="action" type="String"/>
	</method>
	<method name="is_action_pressed">
		<return type="bool"/>
		<argument index="0" name="is_action_pressed" type="String"/>
	</method>
	<method name="is_action_released">
		<return type="bool"/>
		<argument index="0" name="is_action_released" type="String"/>
	</method>
	<method name="is_echo">
		<return type="bool"/>
	</method>
	<method name="is_pressed">
		<return type="bool"/>
	</method>
	<method name="set_as_action">
		<argument index="0" name="action" type="String"/>
		<argument index="1" name="pressed" type="bool"/>
	</method>
</methods>