<?xml version="1.0" encoding="UTF-8"?>

<methods name="ImmediateGeometry">
	<method name="begin">
		<argument index="0" name="primitive" type="int"/>
		<argument index="1" name="texture" type="Texture"/>
	</method>
	<method name="set_normal">
		<argument index="0" name="normal" type="Vector3"/>
	</method>
	<method name="set_tangent">
		<argument index="0" name="tangent" type="Plane"/>
	</method>
	<method name="set_color">
		<argument index="0" name="color" type="Color"/>
	</method>
	<method name="set_uv">
		<argument index="0" name="uv" type="Vector2"/>
	</method>
	<method name="set_uv2">
		<argument index="0" name="uv" type="Vector2"/>
	</method>
	<method name="add_vertex">
		<argument index="0" name="pos" type="Vector3"/>
	</method>
	<method name="add_sphere">
		<argument index="0" name="lats" type="int"/>
		<argument index="1" name="lons" type="int"/>
		<argument index="2" name="radius" type="float"/>
	</method>
	<method name="end"/>
	<method name="clear"/>
</methods>