<?xml version="1.0" encoding="UTF-8"?>

<methods name="BakedLightSampler">
	<method name="set_param">
		<argument index="0" name="param" type="int"/>
		<argument index="1" name="value" type="float"/>
	</method>
	<method name="get_param" qualifiers="const">
		<return type="float"/>
		<argument index="0" name="param" type="int"/>
	</method>
	<method name="set_resolution">
		<argument index="0" name="resolution" type="int"/>
	</method>
	<method name="get_resolution" qualifiers="const">
		<return type="int"/>
	</method>
</methods>