<?xml version="1.0" encoding="UTF-8"?>

<constants name="CanvasItem">
	<constant name="BLEND_MODE_MIX" value="0"/>
	<constant name="BLEND_MODE_ADD" value="1"/>
	<constant name="BLEND_MODE_SUB" value="2"/>
	<constant name="BLEND_MODE_MUL" value="3"/>
	<constant name="BLEND_MODE_PREMULT_ALPHA" value="4"/>
	<constant name="NOTIFICATION_DRAW" value="30"/>
	<constant name="NOTIFICATION_VISIBILITY_CHANGED" value="31"/>
	<constant name="NOTIFICATION_ENTER_CANVAS" value="32"/>
	<constant name="NOTIFICATION_EXIT_CANVAS" value="33"/>
	<constant name="NOTIFICATION_TRANSFORM_CHANGED" value="29"/>
</constants>