<?xml version="1.0" encoding="UTF-8"?>

<methods name="CanvasItem">
	<method name="_draw" qualifiers="virtual"/>
	<method name="edit_set_state">
		<argument index="0" name="state" type="var"/>
	</method>
	<method name="edit_get" qualifiers="const"/>
	<method name="edit_set_rect">
		<argument index="0" name="rect" type="Rect2"/>
	</method>
	<method name="edit_rotate">
		<argument index="0" name="degrees" type="float"/>
	</method>
	<method name="get_item_rect" qualifiers="const">
		<return type="Rect2"/>
	</method>
	<method name="get_canvas_item" qualifiers="const">
		<return type="RID"/>
	</method>
	<method name="is_visible" qualifiers="const">
		<return type="bool"/>
	</method>
	<method name="is_hidden" qualifiers="const">
		<return type="bool"/>
	</method>
	<method name="show"/>
	<method name="hide"/>
	<method name="set_hidden">
		<argument index="0" name="hidden" type="bool"/>
	</method>
	<method name="update"/>
	<method name="set_as_toplevel">
		<argument index="0" name="enable" type="bool"/>
	</method>
	<method name="is_set_as_toplevel" qualifiers="const">
		<return type="bool"/>
	</method>
	<method name="set_blend_mode">
		<argument index="0" name="blend_mode" type="int"/>
	</method>
	<method name="get_blend_mode" qualifiers="const">
		<return type="int"/>
	</method>
	<method name="set_light_mask">
		<argument index="0" name="light_mask" type="int"/>
	</method>
	<method name="get_light_mask" qualifiers="const">
		<return type="int"/>
	</method>
	<method name="set_opacity">
		<argument index="0" name="opacity" type="float"/>
	</method>
	<method name="get_opacity" qualifiers="const">
		<return type="float"/>
	</method>
	<method name="set_self_opacity">
		<argument index="0" name="self_opacity" type="float"/>
	</method>
	<method name="get_self_opacity" qualifiers="const">
		<return type="float"/>
	</method>
	<method name="set_draw_behind_parent">
		<argument index="0" name="enable" type="bool"/>
	</method>
	<method name="is_draw_behind_parent_enabled" qualifiers="const">
		<return type="bool"/>
	</method>
	<method name="draw_line">
		<argument index="0" name="from" type="Vector2"/>
		<argument index="1" name="to" type="Vector2"/>
		<argument index="2" name="color" type="Color"/>
		<argument default="1" index="3" name="width" type="float"/>
	</method>
	<method name="draw_rect">
		<argument index="0" name="rect" type="Rect2"/>
		<argument index="1" name="color" type="Color"/>
	</method>
	<method name="draw_circle">
		<argument index="0" name="pos" type="Vector2"/>
		<argument index="1" name="radius" type="float"/>
		<argument index="2" name="color" type="Color"/>
	</method>
	<method name="draw_texture">
		<argument index="0" name="texture" type="Texture"/>
		<argument index="1" name="pos" type="Vector2"/>
		<argument default="Color(1,1,1,1)" index="2" name="modulate" type="Color"/>
	</method>
	<method name="draw_texture_rect">
		<argument index="0" name="texture" type="Texture"/>
		<argument index="1" name="rect" type="Rect2"/>
		<argument index="2" name="tile" type="bool"/>
		<argument default="Color(1,1,1,1)" index="3" name="modulate" type="Color"/>
		<argument default="false" index="4" name="transpose" type="bool"/>
	</method>
	<method name="draw_texture_rect_region">
		<argument index="0" name="texture" type="Texture"/>
		<argument index="1" name="rect" type="Rect2"/>
		<argument index="2" name="src_rect" type="Rect2"/>
		<argument default="Color(1,1,1,1)" index="3" name="modulate" type="Color"/>
		<argument default="false" index="4" name="transpose" type="bool"/>
	</method>
	<method name="draw_style_box">
		<argument index="0" name="style_box" type="StyleBox"/>
		<argument index="1" name="rect" type="Rect2"/>
	</method>
	<method name="draw_primitive">
		<argument index="0" name="points" type="Vector2Array"/>
		<argument index="1" name="colors" type="ColorArray"/>
		<argument default="Array()" index="2" name="uvs" type="Vector2Array"/>
		<argument default="Object()" index="3" name="texture" type="Texture"/>
		<argument default="1" index="4" name="width" type="float"/>
	</method>
	<method name="draw_polygon">
		<argument index="0" name="points" type="Vector2Array"/>
		<argument index="1" name="colors" type="ColorArray"/>
		<argument default="Array()" index="2" name="uvs" type="Vector2Array"/>
		<argument default="Object()" index="3" name="texture" type="Texture"/>
	</method>
	<method name="draw_colored_polygon">
		<argument index="0" name="points" type="Vector2Array"/>
		<argument index="1" name="color" type="Color"/>
		<argument default="Array()" index="2" name="uvs" type="Vector2Array"/>
		<argument default="Object()" index="3" name="texture" type="Texture"/>
	</method>
	<method name="draw_string">
		<argument index="0" name="font" type="Font"/>
		<argument index="1" name="pos" type="Vector2"/>
		<argument index="2" name="text" type="String"/>
		<argument default="Color(1,1,1,1)" index="3" name="modulate" type="Color"/>
		<argument default="-1" index="4" name="clip_w" type="int"/>
	</method>
	<method name="draw_char">
		<return type="float"/>
		<argument index="0" name="font" type="Font"/>
		<argument index="1" name="pos" type="Vector2"/>
		<argument index="2" name="char" type="String"/>
		<argument index="3" name="next" type="String"/>
		<argument default="Color(1,1,1,1)" index="4" name="modulate" type="Color"/>
	</method>
	<method name="draw_set_transform">
		<argument index="0" name="pos" type="Vector2"/>
		<argument index="1" name="rot" type="float"/>
		<argument index="2" name="scale" type="Vector2"/>
	</method>
	<method name="get_transform" qualifiers="const">
		<return type="Matrix32"/>
	</method>
	<method name="get_global_transform" qualifiers="const">
		<return type="Matrix32"/>
	</method>
	<method name="get_global_transform_with_canvas" qualifiers="const">
		<return type="Matrix32"/>
	</method>
	<method name="get_viewport_transform" qualifiers="const">
		<return type="Matrix32"/>
	</method>
	<method name="get_viewport_rect" qualifiers="const">
		<return type="Rect2"/>
	</method>
	<method name="get_canvas_transform" qualifiers="const">
		<return type="Matrix32"/>
	</method>
	<method name="get_local_mouse_pos" qualifiers="const">
		<return type="Vector2"/>
	</method>
	<method name="get_global_mouse_pos" qualifiers="const">
		<return type="Vector2"/>
	</method>
	<method name="get_canvas" qualifiers="const">
		<return type="RID"/>
	</method>
	<method name="get_world_2d" qualifiers="const">
		<return type="Object"/>
	</method>
	<method name="set_material">
		<argument index="0" name="material" type="CanvasItemMaterial"/>
	</method>
	<method name="get_material" qualifiers="const">
		<return type="CanvasItemMaterial"/>
	</method>
	<method name="set_use_parent_material">
		<argument index="0" name="enable" type="bool"/>
	</method>
	<method name="get_use_parent_material" qualifiers="const">
		<return type="bool"/>
	</method>
	<method name="make_input_local" qualifiers="const">
		<return type="InputEvent"/>
		<argument index="0" name="event" type="InputEvent"/>
	</method>
</methods>