<?xml version="1.0" encoding="UTF-8"?>

<methods name="AcceptDialog">
	<method name="get_ok">
		<return type="Object"/>
	</method>
	<method name="get_label">
		<return type="Object"/>
	</method>
	<method name="set_hide_on_ok">
		<argument index="0" name="enabled" type="bool"/>
	</method>
	<method name="get_hide_on_ok" qualifiers="const">
		<return type="bool"/>
	</method>
	<method name="add_button">
		<return type="Button"/>
		<argument index="0" name="text" type="String"/>
		<argument default="false" index="1" name="right" type="bool"/>
		<argument default="&amp;quot;&amp;quot;" index="2" name="action" type="String"/>
	</method>
	<method name="add_cancel">
		<return type="Button"/>
		<argument index="0" name="name" type="String"/>
	</method>
	<method name="register_text_enter">
		<return type="LineEdit"/>
		<argument index="0" name="line_edit" type="Object"/>
	</method>
	<method name="set_text">
		<argument index="0" name="text" type="String"/>
	</method>
	<method name="get_text" qualifiers="const">
		<return type="String"/>
	</method>
</methods>