<?xml version="1.0" encoding="UTF-8"?>

<methods name="EditorFileDialog">
	<method name="clear_filters"/>
	<method name="add_filter">
		<argument index="0" name="filter" type="String"/>
	</method>
	<method name="get_current_dir" qualifiers="const">
		<return type="String"/>
	</method>
	<method name="get_current_file" qualifiers="const">
		<return type="String"/>
	</method>
	<method name="get_current_path" qualifiers="const">
		<return type="String"/>
	</method>
	<method name="set_current_dir">
		<argument index="0" name="dir" type="String"/>
	</method>
	<method name="set_current_file">
		<argument index="0" name="file" type="String"/>
	</method>
	<method name="set_current_path">
		<argument index="0" name="path" type="String"/>
	</method>
	<method name="set_mode">
		<argument index="0" name="mode" type="int"/>
	</method>
	<method name="get_mode" qualifiers="const">
		<return type="int"/>
	</method>
	<method name="get_vbox">
		<return type="VBoxContainer"/>
	</method>
	<method name="set_access">
		<argument index="0" name="access" type="int"/>
	</method>
	<method name="get_access" qualifiers="const">
		<return type="int"/>
	</method>
	<method name="set_show_hidden_files">
		<argument index="0" name="show" type="bool"/>
	</method>
	<method name="is_showing_hidden_files" qualifiers="const">
		<return type="bool"/>
	</method>
	<method name="set_display_mode">
		<argument index="0" name="mode" type="int"/>
	</method>
	<method name="get_display_mode" qualifiers="const">
		<return type="int"/>
	</method>
	<method name="invalidate"/>
</methods>