<?xml version="1.0" encoding="UTF-8"?>

<methods name="Dictionary">
	<method name="clear"/>
	<method name="empty">
		<return type="bool"/>
	</method>
	<method name="erase">
		<argument index="0" name="value" type="var"/>
	</method>
	<method name="has">
		<return type="bool"/>
		<argument index="0" name="value" type="var"/>
	</method>
	<method name="hash">
		<return type="int"/>
	</method>
	<method name="keys">
		<return type="Array"/>
	</method>
	<method name="parse_json">
		<return type="int"/>
		<argument index="0" name="json" type="String"/>
	</method>
	<method name="size">
		<return type="int"/>
	</method>
	<method name="to_json">
		<return type="String"/>
	</method>
</methods>