<?xml version="1.0" encoding="UTF-8"?>

<methods name="CubeMap">
	<method name="
g
e
t
_
w
i
d
t
h
">
		<return>
</return>
	</method>
	<method name="
g
e
t
_
h
e
i
g
h
t
">
		<return>
</return>
	</method>
	<method name="
g
e
t
_
r
i
d
">
		<return>
</return>
	</method>
	<method name="
g
e
t
_
f
l
a
g
s
">
		<return>
</return>
	</method>
	<method name="
g
e
t
_
s
i
d
e
">
		<return>
</return>
	</method>
	<method name="
g
e
t
_
s
t
o
r
a
g
e
">
		<return>
</return>
	</method>
	<method name="
g
e
t
_
l
o
s
s
y
_
s
t
o
r
a
g
e
_
q
u
a
l
i
t
y
">
		<return>
</return>
	</method>
</methods>