<?xml version="1.0" encoding="UTF-8"?>

<methods name="ConfigFile">
	<method name="set_value">
		<argument index="0" name="section" type="String"/>
		<argument index="1" name="key" type="String"/>
		<argument index="2" name="value" type="var"/>
	</method>
	<method name="get_value" qualifiers="const">
		<argument index="0" name="section" type="String"/>
		<argument index="1" name="key" type="String"/>
		<argument default="NULL" index="2" name="default" type="var"/>
	</method>
	<method name="has_section" qualifiers="const">
		<return type="bool"/>
		<argument index="0" name="section" type="String"/>
	</method>
	<method name="has_section_key" qualifiers="const">
		<return type="bool"/>
		<argument index="0" name="section" type="String"/>
		<argument index="1" name="key" type="String"/>
	</method>
	<method name="get_sections" qualifiers="const">
		<return type="StringArray"/>
	</method>
	<method name="get_section_keys" qualifiers="const">
		<return type="StringArray"/>
		<argument index="0" name="section" type="String"/>
	</method>
	<method name="load">
		<return type="Error"/>
		<argument index="0" name="path" type="String"/>
	</method>
	<method name="save">
		<return type="Error"/>
		<argument index="0" name="path" type="String"/>
	</method>
</methods>