<?xml version="1.0" encoding="UTF-8"?>

<constants name="CanvasItem">
	<constant name="BLEND_MODE_MIX">Mix blending mode. Colors are assumed to be independent of the alpha (opacity) value.</constant>
	<constant name="BLEND_MODE_ADD">Additive blending mode.</constant>
	<constant name="BLEND_MODE_SUB">Substractive blending mode.</constant>
	<constant name="BLEND_MODE_MUL">Multiplicative blending mode.</constant>
	<constant name="BLEND_MODE_PREMULT_ALPHA">Mix blending mode. Colors are assumed to be premultiplied by the alpha (opacity) value.</constant>
	<constant name="NOTIFICATION_DRAW">CanvasItem is requested to draw.</constant>
	<constant name="NOTIFICATION_VISIBILITY_CHANGED">Canvas item visibility has changed.</constant>
	<constant name="NOTIFICATION_ENTER_CANVAS">Canvas item has entered the canvas.</constant>
	<constant name="NOTIFICATION_EXIT_CANVAS">Canvas item has exited the canvas.</constant>
	<constant name="NOTIFICATION_TRANSFORM_CHANGED">Canvas item transform has changed. Only received if requested.</constant>
</constants>