<?xml version="1.0" encoding="UTF-8"?>

<methods name="CanvasItem">
	<method name="_draw">
		<description>Called (if exists) to draw the canvas item.</description>
	</method>
	<method name="edit_set_state">
		<description>Used for editing, returns an opaque value represeting the transform state.</description>
	</method>
	<method name="edit_rotate">
		<description>Used for editing, handle rotation.</description>
	</method>
	<method name="get_item_rect">
		<description>Return a rect containing the editable contents of the item.</description>
	</method>
	<method name="get_canvas_item">
		<description>Return the canvas item RID used by [VisualServer] for this item.</description>
	</method>
	<method name="is_visible">
		<description>Return true if this CanvasItem is visible. It may be invisible because itself or a parent canvas item is hidden.</description>
	</method>
	<method name="is_hidden">
		<description>Return true if this CanvasItem is hidden. Note that the CanvasItem may not be visible, but as long as it&amp;apo;s not hidden ([method hide] called) the function will return false.</description>
	</method>
	<method name="show">
		<description>Show the CanvasItem currently hidden.</description>
	</method>
	<method name="hide">
		<description>Hide the CanvasItem currently visible.</description>
	</method>
	<method name="update">
		<description>Queue the CanvasItem for update. NOTIFICATION_DRAW will be called on idle time to request redraw.</description>
	</method>
	<method name="set_as_toplevel">
		<description>Set as toplevel. This means that it will not inherit transform from parent canvas items.</description>
	</method>
	<method name="is_set_as_toplevel">
		<description>Return if set as toplevel. See [method set_as_toplevel]/</description>
	</method>
	<method name="set_blend_mode">
		<description>Set the blending mode from enum BLEND_MODE_*.</description>
	</method>
	<method name="get_blend_mode">
		<description>Return the current blending mode from enum BLEND_MODE_*.</description>
	</method>
	<method name="set_opacity">
		<description>Set canvas item opacity. This will affect the canvas item and all the children.</description>
	</method>
	<method name="get_opacity">
		<description>Return the canvas item opacity. This affects the canvas item and all the children.</description>
	</method>
	<method name="set_self_opacity">
		<description>Set canvas item self-opacity. This does not affect the opacity of children items.</description>
	</method>
	<method name="get_self_opacity">
		<description>Return the canvas item self-opacity.</description>
	</method>
	<method name="set_draw_behind_parent">
		<description>Sets whether the canvas item is drawn behind its parent.</description>
	</method>
	<method name="is_draw_behind_parent_enabled">
		<description>Return whether the item is drawn behind its parent.</description>
	</method>
	<method name="draw_line">
		<description>Draw a line from a 2D point to another, with a given color and width.</description>
	</method>
	<method name="draw_rect">
		<description>Draw a colored rectangle.</description>
	</method>
	<method name="draw_circle">
		<description>Draw a colored circle.</description>
	</method>
	<method name="draw_texture">
		<description>Draw a texture at a given position.</description>
	</method>
	<method name="draw_texture_rect">
		<description>Draw a textured rectangle at a given position, optionally modulated by a color. Transpose swaps the x and y coordinates when reading the texture.</description>
	</method>
	<method name="draw_texture_rect_region">
		<description>Draw a textured rectangle region at a given position, optionally modulated by a color. Transpose swaps the x and y coordinates when reading the texture.</description>
	</method>
	<method name="draw_style_box">
		<description>Draw a styled rectangle.</description>
	</method>
	<method name="draw_primitive">
		<description>Draw a custom primitive, 1 point for a point, 2 points for a line, 3 points for a triangle and 4 points for a quad.</description>
	</method>
	<method name="draw_polygon">
		<description>Draw a polygon of any amount of points, convex or concave.</description>
	</method>
	<method name="draw_colored_polygon">
		<description>Draw a colored polygon of any amount of points, convex or concave.</description>
	</method>
	<method name="draw_string">
		<description>Draw a string using a custom font.</description>
	</method>
	<method name="draw_char">
		<description>Draw a string character using a custom font. Returns the advance, depending on the char width and kerning with an optional next char.</description>
	</method>
	<method name="draw_set_transform">
		<description>Set a custom transform for drawing. Anything drawn afterwards will be transformed by this.</description>
	</method>
</methods>