<?xml version="1.0" encoding="UTF-8"?>

<signals name="CanvasItem">
	<signal name="item_rect_changed">
		<description>Emitted when the intem rect has changed.</description>
	</signal>
	<signal name="draw">
		<description>Emitted when the CanvasItem must redraw. This can only be connected realtime, as deferred will not allow drawing.</description>
	</signal>
	<signal name="visibility_changed">
		<description>Emitted when the visibility (hidden/visible) changes.</description>
	</signal>
	<signal name="hide">
		<description>Emitted when becoming hidden.</description>
	</signal>
</signals>