<?xml version="1.0" encoding="UTF-8"?>

<methods name="ConfigFile">
	<method name="
h
a
s
_
s
e
c
t
i
o
n
">
		<return>
</return>
	</method>
	<method name="
h
a
s
_
s
e
c
t
i
o
n
_
k
e
y
">
		<return>
</return>
	</method>
	<method name="
g
e
t
_
s
e
c
t
i
o
n
s
">
		<return>
</return>
	</method>
	<method name="
g
e
t
_
s
e
c
t
i
o
n
_
k
e
y
s
">
		<return>
</return>
	</method>
	<method name="
l
o
a
d
">
		<return>
</return>
	</method>
	<method name="
s
a
v
e
">
		<return>
</return>
	</method>
</methods>