<?xml version="1.0" encoding="UTF-8"?>

<methods name="SamplePlayer2D">
	<method name="set_sample_library">
		<description>Set the sample library for the player.</description>
	</method>
	<method name="get_sample_library">
		<description>Return the sample library used by the player.</description>
	</method>
	<method name="set_polyphony">
		<description>Set the polyphony of the player (maximum amount of simultaneous voices).</description>
	</method>
	<method name="get_polyphony">
		<description>Return the polyphony of the player.</description>
	</method>
	<method name="play">
		<description>Play a sample. An internal polyphony ID can optionally be passed, or defaults to NEXT_VOICE.
Return a voice ID which can be used to modify the voice parameters, or INVALID_VOICE if the voice or sample are invalid.</description>
	</method>
	<method name="voice_set_pitch_scale">
		<description>Change the pitch scale of a currently playing voice.</description>
	</method>
	<method name="voice_set_volume_scale_db">
		<description>Change the volume scale (in dB) of a currently playing voice.</description>
	</method>
	<method name="is_voice_active">
		<description>Return whether a voice is still active or has stopped playing.</description>
	</method>
	<method name="stop_voice">
		<description>Stop a given voice.</description>
	</method>
	<method name="stop_all">
		<description>Stop all playing voices.</description>
	</method>
	<method name="set_random_pitch_scale">
		<description>Set the amplitude for random pitch scale variations. If different from zero, the pitch scale will vary randomly around 1.0 in a range defined by val.
The actual pitch scale will be, with &amp;quot;variation&amp;quot; ranging from -val to val:
* variation &amp;gt; 0: 1.0 + variation
* variation &amp;lt; 0: 1.0/(1.0 - variation)</description>
	</method>
	<method name="get_random_pitch_scale">
		<description>Return the amplitude used for random pitch scale variations.</description>
	</method>
</methods>