<?xml version="1.0" encoding="UTF-8"?>

<constants name="AnimationTreePlayer">
	<constant name="NODE_OUTPUT" value="0"/>
	<constant name="NODE_ANIMATION" value="1"/>
	<constant name="NODE_ONESHOT" value="2"/>
	<constant name="NODE_MIX" value="3"/>
	<constant name="NODE_BLEND2" value="4"/>
	<constant name="NODE_BLEND3" value="5"/>
	<constant name="NODE_BLEND4" value="6"/>
	<constant name="NODE_TIMESCALE" value="7"/>
	<constant name="NODE_TIMESEEK" value="8"/>
	<constant name="NODE_TRANSITION" value="9"/>
</constants>