<?xml version="1.0" encoding="UTF-8"?>

<methods name="AnimationTreePlayer">
	<method name="add_node">
		<argument index="0" name="type" type="int"/>
		<argument index="1" name="id" type="String"/>
	</method>
	<method name="node_exists" qualifiers="const">
		<return type="bool"/>
		<argument index="0" name="node" type="String"/>
	</method>
	<method name="node_rename">
		<return type="int"/>
		<argument index="0" name="node" type="String"/>
		<argument index="1" name="new_name" type="String"/>
	</method>
	<method name="node_get_type" qualifiers="const">
		<return type="int"/>
		<argument index="0" name="id" type="String"/>
	</method>
	<method name="node_get_input_count" qualifiers="const">
		<return type="int"/>
		<argument index="0" name="id" type="String"/>
	</method>
	<method name="node_get_input_source" qualifiers="const">
		<return type="String"/>
		<argument index="0" name="id" type="String"/>
		<argument index="1" name="idx" type="int"/>
	</method>
	<method name="animation_node_set_animation">
		<argument index="0" name="id" type="String"/>
		<argument index="1" name="animation" type="Animation"/>
	</method>
	<method name="animation_node_get_animation" qualifiers="const">
		<return type="Animation"/>
		<argument index="0" name="id" type="String"/>
	</method>
	<method name="animation_node_set_master_animation">
		<argument index="0" name="id" type="String"/>
		<argument index="1" name="source" type="String"/>
	</method>
	<method name="animation_node_get_master_animation" qualifiers="const">
		<return type="String"/>
		<argument index="0" name="id" type="String"/>
	</method>
	<method name="oneshot_node_set_fadein_time">
		<argument index="0" name="id" type="String"/>
		<argument index="1" name="time_sec" type="float"/>
	</method>
	<method name="oneshot_node_get_fadein_time" qualifiers="const">
		<return type="float"/>
		<argument index="0" name="id" type="String"/>
	</method>
	<method name="oneshot_node_set_fadeout_time">
		<argument index="0" name="id" type="String"/>
		<argument index="1" name="time_sec" type="float"/>
	</method>
	<method name="oneshot_node_get_fadeout_time" qualifiers="const">
		<return type="float"/>
		<argument index="0" name="id" type="String"/>
	</method>
	<method name="oneshot_node_set_autorestart">
		<argument index="0" name="id" type="String"/>
		<argument index="1" name="enable" type="bool"/>
	</method>
	<method name="oneshot_node_set_autorestart_delay">
		<argument index="0" name="id" type="String"/>
		<argument index="1" name="delay_sec" type="float"/>
	</method>
	<method name="oneshot_node_set_autorestart_random_delay">
		<argument index="0" name="id" type="String"/>
		<argument index="1" name="rand_sec" type="float"/>
	</method>
	<method name="oneshot_node_has_autorestart" qualifiers="const">
		<return type="bool"/>
		<argument index="0" name="id" type="String"/>
	</method>
	<method name="oneshot_node_get_autorestart_delay" qualifiers="const">
		<return type="float"/>
		<argument index="0" name="id" type="String"/>
	</method>
	<method name="oneshot_node_get_autorestart_random_delay" qualifiers="const">
		<return type="float"/>
		<argument index="0" name="id" type="String"/>
	</method>
	<method name="oneshot_node_start">
		<argument index="0" name="id" type="String"/>
	</method>
	<method name="oneshot_node_stop">
		<argument index="0" name="id" type="String"/>
	</method>
	<method name="oneshot_node_is_active" qualifiers="const">
		<return type="bool"/>
		<argument index="0" name="id" type="String"/>
	</method>
	<method name="oneshot_node_set_filter_path">
		<argument index="0" name="id" type="String"/>
		<argument index="1" name="path" type="NodePath"/>
		<argument index="2" name="enable" type="bool"/>
	</method>
	<method name="mix_node_set_amount">
		<argument index="0" name="id" type="String"/>
		<argument index="1" name="ratio" type="float"/>
	</method>
	<method name="mix_node_get_amount" qualifiers="const">
		<return type="float"/>
		<argument index="0" name="id" type="String"/>
	</method>
	<method name="blend2_node_set_amount">
		<argument index="0" name="id" type="String"/>
		<argument index="1" name="blend" type="float"/>
	</method>
	<method name="blend2_node_get_amount" qualifiers="const">
		<return type="float"/>
		<argument index="0" name="id" type="String"/>
	</method>
	<method name="blend2_node_set_filter_path">
		<argument index="0" name="id" type="String"/>
		<argument index="1" name="path" type="NodePath"/>
		<argument index="2" name="enable" type="bool"/>
	</method>
	<method name="blend3_node_set_amount">
		<argument index="0" name="id" type="String"/>
		<argument index="1" name="blend" type="float"/>
	</method>
	<method name="blend3_node_get_amount" qualifiers="const">
		<return type="float"/>
		<argument index="0" name="id" type="String"/>
	</method>
	<method name="blend4_node_set_amount">
		<argument index="0" name="id" type="String"/>
		<argument index="1" name="blend" type="Vector2"/>
	</method>
	<method name="blend4_node_get_amount" qualifiers="const">
		<return type="Vector2"/>
		<argument index="0" name="id" type="String"/>
	</method>
	<method name="timescale_node_set_scale">
		<argument index="0" name="id" type="String"/>
		<argument index="1" name="scale" type="float"/>
	</method>
	<method name="timescale_node_get_scale" qualifiers="const">
		<return type="float"/>
		<argument index="0" name="id" type="String"/>
	</method>
	<method name="timeseek_node_seek">
		<argument index="0" name="id" type="String"/>
		<argument index="1" name="pos_sec" type="float"/>
	</method>
	<method name="transition_node_set_input_count">
		<argument index="0" name="id" type="String"/>
		<argument index="1" name="count" type="int"/>
	</method>
	<method name="transition_node_get_input_count" qualifiers="const">
		<return type="int"/>
		<argument index="0" name="id" type="String"/>
	</method>
	<method name="transition_node_delete_input">
		<argument index="0" name="id" type="String"/>
		<argument index="1" name="input_idx" type="int"/>
	</method>
	<method name="transition_node_set_input_auto_advance">
		<argument index="0" name="id" type="String"/>
		<argument index="1" name="input_idx" type="int"/>
		<argument index="2" name="enable" type="bool"/>
	</method>
	<method name="transition_node_has_input_auto_advance" qualifiers="const">
		<return type="bool"/>
		<argument index="0" name="id" type="String"/>
		<argument index="1" name="input_idx" type="int"/>
	</method>
	<method name="transition_node_set_xfade_time">
		<argument index="0" name="id" type="String"/>
		<argument index="1" name="time_sec" type="float"/>
	</method>
	<method name="transition_node_get_xfade_time" qualifiers="const">
		<return type="float"/>
		<argument index="0" name="id" type="String"/>
	</method>
	<method name="transition_node_set_current">
		<argument index="0" name="id" type="String"/>
		<argument index="1" name="input_idx" type="int"/>
	</method>
	<method name="transition_node_get_current" qualifiers="const">
		<return type="int"/>
		<argument index="0" name="id" type="String"/>
	</method>
	<method name="node_set_pos">
		<argument index="0" name="id" type="String"/>
		<argument index="1" name="screen_pos" type="Vector2"/>
	</method>
	<method name="node_get_pos" qualifiers="const">
		<return type="Vector2"/>
		<argument index="0" name="id" type="String"/>
	</method>
	<method name="remove_node">
		<argument index="0" name="id" type="String"/>
	</method>
	<method name="connect">
		<return type="int"/>
		<argument index="0" name="id" type="String"/>
		<argument index="1" name="dst_id" type="String"/>
		<argument index="2" name="dst_input_idx" type="int"/>
	</method>
	<method name="is_connected" qualifiers="const">
		<return type="bool"/>
		<argument index="0" name="id" type="String"/>
		<argument index="1" name="dst_id" type="String"/>
		<argument index="2" name="dst_input_idx" type="int"/>
	</method>
	<method name="disconnect">
		<argument index="0" name="id" type="String"/>
		<argument index="1" name="dst_input_idx" type="int"/>
	</method>
	<method name="set_active">
		<argument index="0" name="enabled" type="bool"/>
	</method>
	<method name="is_active" qualifiers="const">
		<return type="bool"/>
	</method>
	<method name="set_base_path">
		<argument index="0" name="path" type="NodePath"/>
	</method>
	<method name="get_base_path" qualifiers="const">
		<return type="NodePath"/>
	</method>
	<method name="set_master_player">
		<argument index="0" name="nodepath" type="NodePath"/>
	</method>
	<method name="get_master_player" qualifiers="const">
		<return type="NodePath"/>
	</method>
	<method name="get_node_list">
		<return type="StringArray"/>
	</method>
	<method name="set_animation_process_mode">
		<argument index="0" name="mode" type="int"/>
	</method>
	<method name="get_animation_process_mode" qualifiers="const">
		<return type="int"/>
	</method>
	<method name="advance">
		<argument index="0" name="delta" type="float"/>
	</method>
	<method name="reset"/>
	<method name="recompute_caches"/>
</methods>