<?xml version="1.0" encoding="UTF-8"?>

<methods name="GraphEdit">
	<method name="connect_node">
		<description>Create a connection between &amp;apo;from_port&amp;apo; slot of &amp;apo;from&amp;apo; GraphNode and &amp;apo;to_port&amp;apo; slot of &amp;apo;to&amp;apo; GraphNode. If the connection already exists, no connection is created.</description>
	</method>
	<method name="is_node_connected">
		<description>Return true if the &amp;apo;from_port&amp;apo; slot of &amp;apo;from&amp;apo; GraphNode is connected to the &amp;apo;to_port&amp;apo; slot of &amp;apo;to&amp;apo; GraphNode.</description>
	</method>
	<method name="disconnect_node">
		<description>Remove the connection between &amp;apo;from_port&amp;apo; slot of &amp;apo;from&amp;apo; GraphNode and &amp;apo;to_port&amp;apo; slot of &amp;apo;to&amp;apo; GraphNode, if connection exists.</description>
	</method>
	<method name="get_connection_list">
		<description>Return an Array containing the list of connections. A connection consists in a structure of the form {from_slot: 0, from: &amp;quot;GraphNode name 0&amp;quot;, to_slot: 1, to: &amp;quot;GraphNode name 1&amp;quot; }</description>
	</method>
	<method name="set_right_disconnects">
		<description>Enable the disconnection of existing connections in the visual GraphEdit by left-clicking a connection and releasing into the void.</description>
	</method>
	<method name="is_right_disconnects_enabled">
		<description>Return true is the disconnection of connections is enable in the visual GraphEdit. False otherwise.</description>
	</method>
</methods>