<?xml version="1.0" encoding="UTF-8"?>

<signals name="GraphEdit">
	<signal name="disconnection_request">
		<description>Signal sent to the GraphEdit when the connection between &amp;apo;from_slot&amp;apo; slot of &amp;apo;from&amp;apo; GraphNode and &amp;apo;to_slot&amp;apo; slot of &amp;apo;to&amp;apo; GraphNode is attempted to be removed.</description>
	</signal>
	<signal name="connection_request">
		<description>Signal sent to the GraphEdit when the connection between &amp;apo;from_slot&amp;apo; slot of &amp;apo;from&amp;apo; GraphNode and &amp;apo;to_slot&amp;apo; slot of &amp;apo;to&amp;apo; GraphNode is attempted to be created.</description>
	</signal>
</signals>