<?xml version="1.0" encoding="UTF-8"?>

<methods name="ColorPicker">
	<method name="set_color">
		<argument index="0" name="color" type="Color"/>
	</method>
	<method name="get_color" qualifiers="const">
		<return type="Color"/>
	</method>
	<method name="set_raw_mode">
		<argument index="0" name="mode" type="bool"/>
	</method>
	<method name="is_raw_mode" qualifiers="const">
		<return type="bool"/>
	</method>
	<method name="set_edit_alpha">
		<argument index="0" name="show" type="bool"/>
	</method>
	<method name="is_editing_alpha" qualifiers="const">
		<return type="bool"/>
	</method>
	<method name="add_preset">
		<argument index="0" name="arg0" type="Color"/>
	</method>
</methods>