<?xml version="1.0" encoding="UTF-8"?>

<methods name="Camera">
	<method name="project_ray_normal">
		<description>Return a normal vector in worldspace, that is the result of projecting a point on the [Viewport] rectangle by the camera projection. This is useful for casting rays in the form of (origin,normal) for object intersection or picking.</description>
	</method>
	<method name="project_ray_origin">
		<description>Return a 3D position in worldspace, that is the result of projecting a point on the [Viewport] rectangle by the camera projection. This is useful for casting rays in the form of (origin,normal) for object intersection or picking.</description>
	</method>
	<method name="unproject_position">
		<description>Return how a 3D point in worldpsace maps to a 2D coordinate in the [Viewport] rectangle.</description>
	</method>
	<method name="set_perspective">
		<description>Set the camera projection to perspective mode, by specifying a [i]FOV[/i] Y angle in degrees (FOV means Field of View), and the [i]near[/i] and [i]far[/i] clip planes in worldspace units.</description>
	</method>
	<method name="set_orthogonal">
		<description>Set the camera projection to orthogonal mode, by specifying a width and the [i]near[/i] and [i]far[/i] clip planes in worldspace units. (As a hint, 2D games often use this projection, with values specified in pixels)</description>
	</method>
	<method name="make_current">
		<description>Make this camera the current Camera for the [Viewport] (see class description). If the Camera Node is outside the scene tree, it will attempt to become current once it&amp;apo;s added.</description>
	</method>
	<method name="is_current">
		<description>Return wether the Camera is the current one in the [Viewport], or plans to become current (if outside the scene tree).</description>
	</method>
	<method name="get_camera_transform">
		<description>Get the camera transform. Subclassed cameras (such as CharacterCamera) may provide different transforms than the [Node] transform.</description>
	</method>
</methods>