<?xml version="1.0" encoding="UTF-8"?>

<methods name="CollisionPolygon2D">
	<method name="set_polygon">
		<argument index="0" name="polygon" type="Vector2Array"/>
	</method>
	<method name="get_polygon" qualifiers="const">
		<return type="Vector2Array"/>
	</method>
	<method name="set_build_mode">
		<argument index="0" name="build_mode" type="int"/>
	</method>
	<method name="get_build_mode" qualifiers="const">
		<return type="int"/>
	</method>
	<method name="set_trigger">
		<argument index="0" name="trigger" type="bool"/>
	</method>
	<method name="is_trigger" qualifiers="const">
		<return type="bool"/>
	</method>
	<method name="get_collision_object_first_shape" qualifiers="const">
		<return type="int"/>
	</method>
	<method name="get_collision_object_last_shape" qualifiers="const">
		<return type="int"/>
	</method>
</methods>