<?xml version="1.0" encoding="UTF-8"?>

<methods name="ButtonArray">
	<method name="add_button">
		<description>Add a new button.</description>
	</method>
	<method name="set_button_icon">
		<description>Set the icon of an existing button.</description>
	</method>
	<method name="get_button_text">
		<description>Return the text of an existing button.</description>
	</method>
	<method name="get_button_icon">
		<description>Return the icon of an existing button.</description>
	</method>
	<method name="get_button_count">
		<description>Return the amount of buttons in the array.</description>
	</method>
	<method name="get_selected">
		<description>Return the currently selected button in the array.</description>
	</method>
	<method name="get_hovered">
		<description>Return the currently hovered button in the array.</description>
	</method>
	<method name="set_selected">
		<description>Sekect a button in the array.</description>
	</method>
	<method name="erase_button">
		<description>Remove a button in the array, by index.</description>
	</method>
	<method name="clear">
		<description>Clear the button array.</description>
	</method>
</methods>