<?xml version="1.0" encoding="UTF-8"?>

<methods name="EventPlayer">
	<method name="set_stream">
		<argument index="0" name="stream" type="EventStream"/>
	</method>
	<method name="get_stream" qualifiers="const">
		<return type="EventStream"/>
	</method>
	<method name="play"/>
	<method name="stop"/>
	<method name="is_playing" qualifiers="const">
		<return type="bool"/>
	</method>
	<method name="set_paused">
		<argument index="0" name="paused" type="bool"/>
	</method>
	<method name="is_paused" qualifiers="const">
		<return type="bool"/>
	</method>
	<method name="set_loop">
		<argument index="0" name="enabled" type="bool"/>
	</method>
	<method name="has_loop" qualifiers="const">
		<return type="bool"/>
	</method>
	<method name="set_volume">
		<argument index="0" name="volume" type="float"/>
	</method>
	<method name="get_volume" qualifiers="const">
		<return type="float"/>
	</method>
	<method name="set_pitch_scale">
		<argument index="0" name="pitch_scale" type="float"/>
	</method>
	<method name="get_pitch_scale" qualifiers="const">
		<return type="float"/>
	</method>
	<method name="set_tempo_scale">
		<argument index="0" name="tempo_scale" type="float"/>
	</method>
	<method name="get_tempo_scale" qualifiers="const">
		<return type="float"/>
	</method>
	<method name="set_volume_db">
		<argument index="0" name="db" type="float"/>
	</method>
	<method name="get_volume_db" qualifiers="const">
		<return type="float"/>
	</method>
	<method name="get_stream_name" qualifiers="const">
		<return type="String"/>
	</method>
	<method name="get_loop_count" qualifiers="const">
		<return type="int"/>
	</method>
	<method name="get_pos" qualifiers="const">
		<return type="float"/>
	</method>
	<method name="seek_pos">
		<argument index="0" name="time" type="float"/>
	</method>
	<method name="get_length" qualifiers="const">
		<return type="float"/>
	</method>
	<method name="set_autoplay">
		<argument index="0" name="enabled" type="bool"/>
	</method>
	<method name="has_autoplay" qualifiers="const">
		<return type="bool"/>
	</method>
	<method name="set_channel_volume">
		<argument index="0" name="channel" type="int"/>
		<argument index="1" name="channel_volume" type="float"/>
	</method>
	<method name="get_channel_volume" qualifiers="const">
		<return type="float"/>
		<argument index="0" name="channel" type="int"/>
	</method>
	<method name="get_channel_last_note_time" qualifiers="const">
		<return type="float"/>
		<argument index="0" name="channel" type="int"/>
	</method>
</methods>