<?xml version="1.0" encoding="UTF-8"?>

<methods name="EventPlayer">
	<method name="set_stream">
		<description>Set the [EventStream] this player will play.</description>
	</method>
	<method name="get_stream">
		<description>Return the currently assigned stream.</description>
	</method>
	<method name="play">
		<description>Play the currently assigned stream.</description>
	</method>
	<method name="stop">
		<description>Stop playing.</description>
	</method>
	<method name="is_playing">
		<description>Return whether this player is playing.</description>
	</method>
	<method name="set_paused">
		<description>Pause stream playback.</description>
	</method>
	<method name="is_paused">
		<description>Return whether the playback is currently paused.</description>
	</method>
	<method name="set_loop">
		<description>Set whether the stream will be restarted at the end.</description>
	</method>
	<method name="has_loop">
		<description>Return whether this player will be restart the playback at the end.</description>
	</method>
	<method name="set_volume">
		<description>Set the playback volume for this player. This is a float between 0.0 (silent) and 1.0 (full volume). Values over 1.0 may amplify sound even more, but may introduce distortion. Negative values may just invert the output waveform, which produces no audible difference.
The effect of these special values uiltimately depends on the low-level implementation of the file format being played.</description>
	</method>
	<method name="get_volume">
		<description>Return the playback volume for this player.</description>
	</method>
	<method name="set_pitch_scale">
		<description>Set the pitch multiplier for all sounds coming from this stream. A value of 2.0 shifts all pitches one octave up, and a value of 0.5 shifts pitches one octave down.</description>
	</method>
	<method name="get_pitch_scale">
		<description>Return the pitch scale factor for this player.</description>
	</method>
	<method name="set_tempo_scale">
		<description>Set the tempo multiplier. This allows to slow down or speed up the music, without affecting its pitch.</description>
	</method>
	<method name="get_tempo_scale">
		<description>Return the tempo multiplier.</description>
	</method>
	<method name="set_volume_db">
		<description>Set the playback volume for this player, in decibels. This is a float between -80.0 (silent) and 0.0 (full volume). Values under -79.0 get truncated to -80, but values over 0.0 do not, so the warnings for overamplifying (see [set_volume]) still apply.</description>
	</method>
	<method name="get_volume_db">
		<description>Return the playback volume for this player, in decibels.</description>
	</method>
	<method name="get_stream_name">
		<description>Return the name of the currently assigned stream. This is not the file name, but a field inside the file. If no stream is assigned, if returns &amp;quot;&amp;lt;No Stream&amp;gt;&amp;quot;.</description>
	</method>
	<method name="get_loop_count">
		<description>Return the number of times the playback has looped.</description>
	</method>
	<method name="get_pos">
		<description>Return the playback position. May be in seconds, but depends on the stream type.</description>
	</method>
	<method name="seek_pos">
		<description>Set the playback position. May be in seconds, but depends on the stream type.</description>
	</method>
	<method name="get_length">
		<description>Return the song length. May be in seconds, but depends on the stream type.</description>
	</method>
	<method name="set_autoplay">
		<description>Set whether this player will start playing as soon as it enters the scene tree.</description>
	</method>
	<method name="has_autoplay">
		<description>Return whether this player will start playing as soon as it enters the scene tree.</description>
	</method>
	<method name="set_channel_volume">
		<description>Set the volume scale for an individual channel of the stream, with the same value range as [methid set_volume]. The channel number depends on the stream format. For example, MIDIs range from 0 to 15, and MODs from 0 to 63.
Many stream formats are multichannel, so this allows to affect only a part of the music.</description>
	</method>
	<method name="get_channel_volume">
		<description>Return the volume scale for an individual channel of the stream.</description>
	</method>
	<method name="get_channel_last_note_time">
		<description>Return the time at which the last note of a given channel in the stream plays.</description>
	</method>
</methods>