<?xml version="1.0" encoding="UTF-8"?>

<methods name="AnimatedSprite">
	<method name="set_sprite_frames">
		<description>Set the [SpriteFrames] resource, which contains all frames.</description>
	</method>
	<method name="get_sprite_frames">
		<description>Get the [SpriteFrames] resource, which contains all frames.</description>
	</method>
	<method name="set_centered">
		<description>When turned on, offset at (0,0) is the center of the sprite, when off, the top-left corner is.</description>
	</method>
	<method name="is_centered">
		<description>Return true when centered. See [set_centered].</description>
	</method>
	<method name="set_offset">
		<description>Set the offset of the sprite in the node origin. Position varies depending on whether it is centered or not.</description>
	</method>
	<method name="get_offset">
		<description>Return the offset of the sprite in the node origin.</description>
	</method>
	<method name="set_flip_h">
		<description>If true, sprite is flipped horizontally.</description>
	</method>
	<method name="is_flipped_h">
		<description>Return true if sprite is flipped horizontally.</description>
	</method>
	<method name="set_flip_v">
		<description>If true, sprite is flipped vertically.</description>
	</method>
	<method name="is_flipped_v">
		<description>Return true if sprite is flipped vertically.</description>
	</method>
	<method name="set_frame">
		<description>Set the visible sprite frame index (from the list of frames inside the [SpriteFrames] resource).</description>
	</method>
	<method name="get_frame">
		<description>Return the visible frame index.</description>
	</method>
	<method name="set_modulate">
		<description>Change the color modulation (multiplication) for this sprite.</description>
	</method>
	<method name="get_modulate">
		<description>Return the color modulation for this sprite.</description>
	</method>
</methods>