<?xml version="1.0" encoding="UTF-8"?>

<methods name="Input">
	<method name="is_joy_button_pressed">
		<description>Returns if the joystick button at the given index is currently pressed. (see JOY_* constans in [@Global Scope])</description>
	</method>
	<method name="add_joy_mapping">
		<description>Add a new mapping entry (in SDL2 format) to the mapping database. Optionally update already connected devices.</description>
	</method>
	<method name="remove_joy_mapping">
		<description>Removes all mappings from the internal db that match the given uid.</description>
	</method>
	<method name="is_joy_known">
		<description>Returns if the specified device is known by the system. This means that it sets all button and axis indices exactly as defined in the JOY_* constants (see [@Global Scope]). Unknown joysticks are not expected to match these constants, but you can still retrieve events from them.</description>
	</method>
	<method name="get_joy_axis">
		<description>Returns the current value of the joystick axis at given index (see JOY_* constants in [@Global Scope])</description>
	</method>
	<method name="get_joy_name">
		<description>Returns the name of the joystick at the specified device index</description>
	</method>
	<method name="get_joy_guid">
		<description>Returns a SDL2 compatible device guid on platforms that use gamepad remapping. Returns &amp;quot;Default Gamepad&amp;quot; otherwise.</description>
	</method>
</methods>